x0,y0,r0,dx0,dy0,x1,y1,r1,dx1,dy1,x2,y2,r2,dx2,dy2,x3,y3,r3,dx3,dy3,x4,y4,r4,dx4,dy4
7.0,7.0,0.4,0.02,-0.98,28.0,2.0,0.4,-0.91,0.0,30.0,-1.0,0.4,-0.91,0.0,20.0,-0.5,0.4,-1.0,0.0,36.0,1.0,0.4,-0.91,0.0
7.002,6.902,0.4,0.02,-0.98,27.909,2.0,0.4,-0.91,0.0,29.909,-1.0,0.4,-0.91,0.0,19.9,-0.5,0.4,-1.0,0.0,35.909,1.0,0.4,-0.91,0.0
7.004,6.804,0.4,0.02,-0.98,27.817999999999998,2.0,0.4,-0.91,0.0,29.817999999999998,-1.0,0.4,-0.91,0.0,19.799999999999997,-0.5,0.4,-1.0,0.0,35.818,1.0,0.4,-0.91,0.0
7.005999999999999,6.706,0.4,0.02,-0.98,27.726999999999997,2.0,0.4,-0.91,0.0,29.726999999999997,-1.0,0.4,-0.91,0.0,19.699999999999996,-0.5,0.4,-1.0,0.0,35.727,1.0,0.4,-0.91,0.0
7.007999999999999,6.6080000000000005,0.4,0.02,-0.98,27.635999999999996,2.0,0.4,-0.91,0.0,29.635999999999996,-1.0,0.4,-0.91,0.0,19.599999999999994,-0.5,0.4,-1.0,0.0,35.635999999999996,1.0,0.4,-0.91,0.0
7.009999999999999,6.510000000000001,0.4,0.02,-0.98,27.544999999999995,2.0,0.4,-0.91,0.0,29.544999999999995,-1.0,0.4,-0.91,0.0,19.499999999999993,-0.5,0.4,-1.0,0.0,35.544999999999995,1.0,0.4,-0.91,0.0
7.011999999999999,6.412000000000001,0.4,0.02,-0.98,27.453999999999994,2.0,0.4,-0.91,0.0,29.453999999999994,-1.0,0.4,-0.91,0.0,19.39999999999999,-0.5,0.4,-1.0,0.0,35.45399999999999,1.0,0.4,-0.91,0.0
7.0139999999999985,6.314000000000001,0.4,0.02,-0.98,27.362999999999992,2.0,0.4,-0.91,0.0,29.362999999999992,-1.0,0.4,-0.91,0.0,19.29999999999999,-0.5,0.4,-1.0,0.0,35.36299999999999,1.0,0.4,-0.91,0.0
7.015999999999998,6.216000000000001,0.4,0.02,-0.98,27.27199999999999,2.0,0.4,-0.91,0.0,29.27199999999999,-1.0,0.4,-0.91,0.0,19.19999999999999,-0.5,0.4,-1.0,0.0,35.27199999999999,1.0,0.4,-0.91,0.0
7.017999999999998,6.118000000000001,0.4,0.02,-0.98,27.18099999999999,2.0,0.4,-0.91,0.0,29.18099999999999,-1.0,0.4,-0.91,0.0,19.099999999999987,-0.5,0.4,-1.0,0.0,35.18099999999999,1.0,0.4,-0.91,0.0
7.019999999999998,6.020000000000001,0.4,0.02,-0.98,27.08999999999999,2.0,0.4,-0.91,0.0,29.08999999999999,-1.0,0.4,-0.91,0.0,18.999999999999986,-0.5,0.4,-1.0,0.0,35.08999999999999,1.0,0.4,-0.91,0.0
7.021999999999998,5.9220000000000015,0.4,0.02,-0.98,26.998999999999988,2.0,0.4,-0.91,0.0,28.998999999999988,-1.0,0.4,-0.91,0.0,18.899999999999984,-0.5,0.4,-1.0,0.0,34.99899999999999,1.0,0.4,-0.91,0.0
7.023999999999997,5.824000000000002,0.4,0.02,-0.98,26.907999999999987,2.0,0.4,-0.91,0.0,28.907999999999987,-1.0,0.4,-0.91,0.0,18.799999999999983,-0.5,0.4,-1.0,0.0,34.90799999999999,1.0,0.4,-0.91,0.0
7.025999999999997,5.726000000000002,0.4,0.02,-0.98,26.816999999999986,2.0,0.4,-0.91,0.0,28.816999999999986,-1.0,0.4,-0.91,0.0,18.69999999999998,-0.5,0.4,-1.0,0.0,34.816999999999986,1.0,0.4,-0.91,0.0
7.027999999999997,5.628000000000002,0.4,0.02,-0.98,26.725999999999985,2.0,0.4,-0.91,0.0,28.725999999999985,-1.0,0.4,-0.91,0.0,18.59999999999998,-0.5,0.4,-1.0,0.0,34.725999999999985,1.0,0.4,-0.91,0.0
7.029999999999997,5.530000000000002,0.4,0.02,-0.98,26.634999999999984,2.0,0.4,-0.91,0.0,28.634999999999984,-1.0,0.4,-0.91,0.0,18.49999999999998,-0.5,0.4,-1.0,0.0,34.634999999999984,1.0,0.4,-0.91,0.0
7.0319999999999965,5.432000000000002,0.4,0.02,-0.98,26.543999999999983,2.0,0.4,-0.91,0.0,28.543999999999983,-1.0,0.4,-0.91,0.0,18.399999999999977,-0.5,0.4,-1.0,0.0,34.54399999999998,1.0,0.4,-0.91,0.0
7.033999999999996,5.334000000000002,0.4,0.02,-0.98,26.45299999999998,2.0,0.4,-0.91,0.0,28.45299999999998,-1.0,0.4,-0.91,0.0,18.299999999999976,-0.5,0.4,-1.0,0.0,34.45299999999998,1.0,0.4,-0.91,0.0
7.035999999999996,5.236000000000002,0.4,0.02,-0.98,26.36199999999998,2.0,0.4,-0.91,0.0,28.36199999999998,-1.0,0.4,-0.91,0.0,18.199999999999974,-0.5,0.4,-1.0,0.0,34.36199999999998,1.0,0.4,-0.91,0.0
7.037999999999996,5.138000000000003,0.4,0.02,-0.98,26.27099999999998,2.0,0.4,-0.91,0.0,28.27099999999998,-1.0,0.4,-0.91,0.0,18.099999999999973,-0.5,0.4,-1.0,0.0,34.27099999999998,1.0,0.4,-0.91,0.0
7.039999999999996,5.040000000000003,0.4,0.02,-0.98,26.17999999999998,2.0,0.4,-0.91,0.0,28.17999999999998,-1.0,0.4,-0.91,0.0,17.99999999999997,-0.5,0.4,-1.0,0.0,34.17999999999998,1.0,0.4,-0.91,0.0
7.041999999999995,4.942000000000003,0.4,0.02,-0.98,26.088999999999977,2.0,0.4,-0.91,0.0,28.088999999999977,-1.0,0.4,-0.91,0.0,17.89999999999997,-0.5,0.4,-1.0,0.0,34.08899999999998,1.0,0.4,-0.91,0.0
7.043999999999995,4.844000000000003,0.4,0.02,-0.98,25.997999999999976,2.0,0.4,-0.91,0.0,27.997999999999976,-1.0,0.4,-0.91,0.0,17.79999999999997,-0.5,0.4,-1.0,0.0,33.997999999999976,1.0,0.4,-0.91,0.0
7.045999999999995,4.746000000000003,0.4,0.02,-0.98,25.906999999999975,2.0,0.4,-0.91,0.0,27.906999999999975,-1.0,0.4,-0.91,0.0,17.699999999999967,-0.5,0.4,-1.0,0.0,33.906999999999975,1.0,0.4,-0.91,0.0
7.047999999999995,4.648000000000003,0.4,0.02,-0.98,25.815999999999974,2.0,0.4,-0.91,0.0,27.815999999999974,-1.0,0.4,-0.91,0.0,17.599999999999966,-0.5,0.4,-1.0,0.0,33.815999999999974,1.0,0.4,-0.91,0.0
7.0499999999999945,4.550000000000003,0.4,0.02,-0.98,25.724999999999973,2.0,0.4,-0.91,0.0,27.724999999999973,-1.0,0.4,-0.91,0.0,17.499999999999964,-0.5,0.4,-1.0,0.0,33.72499999999997,1.0,0.4,-0.91,0.0
7.051999999999994,4.4520000000000035,0.4,0.02,-0.98,25.633999999999972,2.0,0.4,-0.91,0.0,27.633999999999972,-1.0,0.4,-0.91,0.0,17.399999999999963,-0.5,0.4,-1.0,0.0,33.63399999999997,1.0,0.4,-0.91,0.0
7.053999999999994,4.354000000000004,0.4,0.02,-0.98,25.54299999999997,2.0,0.4,-0.91,0.0,27.54299999999997,-1.0,0.4,-0.91,0.0,17.29999999999996,-0.5,0.4,-1.0,0.0,33.54299999999997,1.0,0.4,-0.91,0.0
7.055999999999994,4.256000000000004,0.4,0.02,-0.98,25.45199999999997,2.0,0.4,-0.91,0.0,27.45199999999997,-1.0,0.4,-0.91,0.0,17.19999999999996,-0.5,0.4,-1.0,0.0,33.45199999999997,1.0,0.4,-0.91,0.0
7.057999999999994,4.158000000000004,0.4,0.02,-0.98,25.36099999999997,2.0,0.4,-0.91,0.0,27.36099999999997,-1.0,0.4,-0.91,0.0,17.09999999999996,-0.5,0.4,-1.0,0.0,33.36099999999997,1.0,0.4,-0.91,0.0
7.059999999999993,4.060000000000004,0.4,0.02,-0.98,25.269999999999968,2.0,0.4,-0.91,0.0,27.269999999999968,-1.0,0.4,-0.91,0.0,16.999999999999957,-0.5,0.4,-1.0,0.0,33.26999999999997,1.0,0.4,-0.91,0.0
7.061999999999993,3.962000000000004,0.4,0.02,-0.98,25.178999999999967,2.0,0.4,-0.91,0.0,27.178999999999967,-1.0,0.4,-0.91,0.0,16.899999999999956,-0.5,0.4,-1.0,0.0,33.17899999999997,1.0,0.4,-0.91,0.0
7.063999999999993,3.8640000000000043,0.4,0.02,-0.98,25.087999999999965,2.0,0.4,-0.91,0.0,27.087999999999965,-1.0,0.4,-0.91,0.0,16.799999999999955,-0.5,0.4,-1.0,0.0,33.087999999999965,1.0,0.4,-0.91,0.0
7.065999999999993,3.7660000000000045,0.4,0.02,-0.98,24.996999999999964,2.0,0.4,-0.91,0.0,26.996999999999964,-1.0,0.4,-0.91,0.0,16.699999999999953,-0.5,0.4,-1.0,0.0,32.996999999999964,1.0,0.4,-0.91,0.0
7.0679999999999925,3.6680000000000046,0.4,0.02,-0.98,24.905999999999963,2.0,0.4,-0.91,0.0,26.905999999999963,-1.0,0.4,-0.91,0.0,16.59999999999995,-0.5,0.4,-1.0,0.0,32.90599999999996,1.0,0.4,-0.91,0.0
7.069999999999992,3.5700000000000047,0.4,0.02,-0.98,24.814999999999962,2.0,0.4,-0.91,0.0,26.814999999999962,-1.0,0.4,-0.91,0.0,16.49999999999995,-0.5,0.4,-1.0,0.0,32.81499999999996,1.0,0.4,-0.91,0.0
7.071999999999992,3.472000000000005,0.4,0.02,-0.98,24.72399999999996,2.0,0.4,-0.91,0.0,26.72399999999996,-1.0,0.4,-0.91,0.0,16.39999999999995,-0.5,0.4,-1.0,0.0,32.72399999999996,1.0,0.4,-0.91,0.0
7.073999999999992,3.374000000000005,0.4,0.02,-0.98,24.63299999999996,2.0,0.4,-0.91,0.0,26.63299999999996,-1.0,0.4,-0.91,0.0,16.299999999999947,-0.5,0.4,-1.0,0.0,32.63299999999996,1.0,0.4,-0.91,0.0
7.075999999999992,3.276000000000005,0.4,0.02,-0.98,24.54199999999996,2.0,0.4,-0.91,0.0,26.54199999999996,-1.0,0.4,-0.91,0.0,16.199999999999946,-0.5,0.4,-1.0,0.0,32.54199999999996,1.0,0.4,-0.91,0.0
7.077999999999991,3.1780000000000053,0.4,0.02,-0.98,24.450999999999958,2.0,0.4,-0.91,0.0,26.450999999999958,-1.0,0.4,-0.91,0.0,16.099999999999945,-0.5,0.4,-1.0,0.0,32.45099999999996,1.0,0.4,-0.91,0.0
7.079999999999991,3.0800000000000054,0.4,0.02,-0.98,24.359999999999957,2.0,0.4,-0.91,0.0,26.359999999999957,-1.0,0.4,-0.91,0.0,15.999999999999945,-0.5,0.4,-1.0,0.0,32.35999999999996,1.0,0.4,-0.91,0.0
7.081999999999991,2.9820000000000055,0.4,0.02,-0.98,24.268999999999956,2.0,0.4,-0.91,0.0,26.268999999999956,-1.0,0.4,-0.91,0.0,15.899999999999945,-0.5,0.4,-1.0,0.0,32.268999999999956,1.0,0.4,-0.91,0.0
7.083999999999991,2.8840000000000057,0.4,0.02,-0.98,24.177999999999955,2.0,0.4,-0.91,0.0,26.177999999999955,-1.0,0.4,-0.91,0.0,15.799999999999946,-0.5,0.4,-1.0,0.0,32.177999999999955,1.0,0.4,-0.91,0.0
7.0859999999999905,2.786000000000006,0.4,0.02,-0.98,24.086999999999954,2.0,0.4,-0.91,0.0,26.086999999999954,-1.0,0.4,-0.91,0.0,15.699999999999946,-0.5,0.4,-1.0,0.0,32.086999999999954,1.0,0.4,-0.91,0.0
7.08799999999999,2.688000000000006,0.4,0.02,-0.98,23.995999999999952,2.0,0.4,-0.91,0.0,25.995999999999952,-1.0,0.4,-0.91,0.0,15.599999999999946,-0.5,0.4,-1.0,0.0,31.995999999999952,1.0,0.4,-0.91,0.0
7.08999999999999,2.590000000000006,0.4,0.02,-0.98,23.90499999999995,2.0,0.4,-0.91,0.0,25.90499999999995,-1.0,0.4,-0.91,0.0,15.499999999999947,-0.5,0.4,-1.0,0.0,31.90499999999995,1.0,0.4,-0.91,0.0
7.09199999999999,2.492000000000006,0.4,0.02,-0.98,23.81399999999995,2.0,0.4,-0.91,0.0,25.81399999999995,-1.0,0.4,-0.91,0.0,15.399999999999947,-0.5,0.4,-1.0,0.0,31.81399999999995,1.0,0.4,-0.91,0.0
7.09399999999999,2.3940000000000063,0.4,0.02,-0.98,23.72299999999995,2.0,0.4,-0.91,0.0,25.72299999999995,-1.0,0.4,-0.91,0.0,15.299999999999947,-0.5,0.4,-1.0,0.0,31.72299999999995,1.0,0.4,-0.91,0.0
7.095999999999989,2.2960000000000065,0.4,0.02,-0.98,23.631999999999948,2.0,0.4,-0.91,0.0,25.631999999999948,-1.0,0.4,-0.91,0.0,15.199999999999948,-0.5,0.4,-1.0,0.0,31.631999999999948,1.0,0.4,-0.91,0.0
7.097999999999989,2.1980000000000066,0.4,0.02,-0.98,23.540999999999947,2.0,0.4,-0.91,0.0,25.540999999999947,-1.0,0.4,-0.91,0.0,15.099999999999948,-0.5,0.4,-1.0,0.0,31.540999999999947,1.0,0.4,-0.91,0.0
7.099999999999989,2.1000000000000068,0.4,0.02,-0.98,23.449999999999946,2.0,0.4,-0.91,0.0,25.449999999999946,-1.0,0.4,-0.91,0.0,14.999999999999948,-0.5,0.4,-1.0,0.0,31.449999999999946,1.0,0.4,-0.91,0.0
7.101999999999989,2.002000000000007,0.4,0.02,-0.98,23.358999999999945,2.0,0.4,-0.91,0.0,25.358999999999945,-1.0,0.4,-0.91,0.0,14.899999999999949,-0.5,0.4,-1.0,0.0,31.358999999999945,1.0,0.4,-0.91,0.0
7.1039999999999885,1.9040000000000068,0.4,0.02,-0.98,23.267999999999944,2.0,0.4,-0.91,0.0,25.267999999999944,-1.0,0.4,-0.91,0.0,14.79999999999995,-0.5,0.4,-1.0,0.0,31.267999999999944,1.0,0.4,-0.91,0.0
7.105999999999988,1.8060000000000067,0.4,0.02,-0.98,23.176999999999943,2.0,0.4,-0.91,0.0,25.176999999999943,-1.0,0.4,-0.91,0.0,14.69999999999995,-0.5,0.4,-1.0,0.0,31.176999999999943,1.0,0.4,-0.91,0.0
7.107999999999988,1.7080000000000066,0.4,0.02,-0.98,23.08599999999994,2.0,0.4,-0.91,0.0,25.08599999999994,-1.0,0.4,-0.91,0.0,14.59999999999995,-0.5,0.4,-1.0,0.0,31.08599999999994,1.0,0.4,-0.91,0.0
7.109999999999988,1.6100000000000065,0.4,0.02,-0.98,22.99499999999994,2.0,0.4,-0.91,0.0,24.99499999999994,-1.0,0.4,-0.91,0.0,14.49999999999995,-0.5,0.4,-1.0,0.0,30.99499999999994,1.0,0.4,-0.91,0.0
7.111999999999988,1.5120000000000064,0.4,0.02,-0.98,22.90399999999994,2.0,0.4,-0.91,0.0,24.90399999999994,-1.0,0.4,-0.91,0.0,14.39999999999995,-0.5,0.4,-1.0,0.0,30.90399999999994,1.0,0.4,-0.91,0.0
7.1139999999999874,1.4140000000000064,0.4,0.02,-0.98,22.81299999999994,2.0,0.4,-0.91,0.0,24.81299999999994,-1.0,0.4,-0.91,0.0,14.299999999999951,-0.5,0.4,-1.0,0.0,30.81299999999994,1.0,0.4,-0.91,0.0
7.115999999999987,1.3160000000000063,0.4,0.02,-0.98,22.721999999999937,2.0,0.4,-0.91,0.0,24.721999999999937,-1.0,0.4,-0.91,0.0,14.199999999999951,-0.5,0.4,-1.0,0.0,30.721999999999937,1.0,0.4,-0.91,0.0
7.117999999999987,1.2180000000000062,0.4,0.02,-0.98,22.630999999999936,2.0,0.4,-0.91,0.0,24.630999999999936,-1.0,0.4,-0.91,0.0,14.099999999999952,-0.5,0.4,-1.0,0.0,30.630999999999936,1.0,0.4,-0.91,0.0
7.119999999999987,1.120000000000006,0.4,0.02,-0.98,22.539999999999935,2.0,0.4,-0.91,0.0,24.539999999999935,-1.0,0.4,-0.91,0.0,13.999999999999952,-0.5,0.4,-1.0,0.0,30.539999999999935,1.0,0.4,-0.91,0.0
7.121999999999987,1.022000000000006,0.4,0.02,-0.98,22.448999999999934,2.0,0.4,-0.91,0.0,24.448999999999934,-1.0,0.4,-0.91,0.0,13.899999999999952,-0.5,0.4,-1.0,0.0,30.448999999999934,1.0,0.4,-0.91,0.0
7.123999999999986,0.924000000000006,0.4,0.02,-0.98,22.357999999999933,2.0,0.4,-0.91,0.0,24.357999999999933,-1.0,0.4,-0.91,0.0,13.799999999999953,-0.5,0.4,-1.0,0.0,30.357999999999933,1.0,0.4,-0.91,0.0
7.125999999999986,0.8260000000000061,0.4,0.02,-0.98,22.266999999999932,2.0,0.4,-0.91,0.0,24.266999999999932,-1.0,0.4,-0.91,0.0,13.699999999999953,-0.5,0.4,-1.0,0.0,30.266999999999932,1.0,0.4,-0.91,0.0
7.127999999999986,0.7280000000000061,0.4,0.02,-0.98,22.17599999999993,2.0,0.4,-0.91,0.0,24.17599999999993,-1.0,0.4,-0.91,0.0,13.599999999999953,-0.5,0.4,-1.0,0.0,30.17599999999993,1.0,0.4,-0.91,0.0
7.129999999999986,0.6300000000000061,0.4,0.02,-0.98,22.08499999999993,2.0,0.4,-0.91,0.0,24.08499999999993,-1.0,0.4,-0.91,0.0,13.499999999999954,-0.5,0.4,-1.0,0.0,30.08499999999993,1.0,0.4,-0.91,0.0
7.1319999999999855,0.5320000000000061,0.4,0.02,-0.98,21.99399999999993,2.0,0.4,-0.91,0.0,23.99399999999993,-1.0,0.4,-0.91,0.0,13.399999999999954,-0.5,0.4,-1.0,0.0,29.99399999999993,1.0,0.4,-0.91,0.0
7.133999999999985,0.43400000000000616,0.4,0.02,-0.98,21.902999999999928,2.0,0.4,-0.91,0.0,23.902999999999928,-1.0,0.4,-0.91,0.0,13.299999999999955,-0.5,0.4,-1.0,0.0,29.902999999999928,1.0,0.4,-0.91,0.0
7.135999999999985,0.3360000000000062,0.4,0.02,-0.98,21.811999999999927,2.0,0.4,-0.91,0.0,23.811999999999927,-1.0,0.4,-0.91,0.0,13.199999999999955,-0.5,0.4,-1.0,0.0,29.811999999999927,1.0,0.4,-0.91,0.0
7.137999999999985,0.23800000000000618,0.4,0.02,-0.98,21.720999999999925,2.0,0.4,-0.91,0.0,23.720999999999925,-1.0,0.4,-0.91,0.0,13.099999999999955,-0.5,0.4,-1.0,0.0,29.720999999999925,1.0,0.4,-0.91,0.0
7.139999999999985,0.14000000000000618,0.4,0.02,-0.98,21.629999999999924,2.0,0.4,-0.91,0.0,23.629999999999924,-1.0,0.4,-0.91,0.0,12.999999999999956,-0.5,0.4,-1.0,0.0,29.629999999999924,1.0,0.4,-0.91,0.0
7.141999999999984,0.04200000000000617,0.4,0.02,-0.98,21.538999999999923,2.0,0.4,-0.91,0.0,23.538999999999923,-1.0,0.4,-0.91,0.0,12.899999999999956,-0.5,0.4,-1.0,0.0,29.538999999999923,1.0,0.4,-0.91,0.0
7.143999999999984,-0.05599999999999383,0.4,0.02,-0.98,21.447999999999922,2.0,0.4,-0.91,0.0,23.447999999999922,-1.0,0.4,-0.91,0.0,12.799999999999956,-0.5,0.4,-1.0,0.0,29.447999999999922,1.0,0.4,-0.91,0.0
7.145999999999984,-0.15399999999999384,0.4,0.02,-0.98,21.35699999999992,2.0,0.4,-0.91,0.0,23.35699999999992,-1.0,0.4,-0.91,0.0,12.699999999999957,-0.5,0.4,-1.0,0.0,29.35699999999992,1.0,0.4,-0.91,0.0
7.147999999999984,-0.25199999999999384,0.4,0.02,-0.98,21.26599999999992,2.0,0.4,-0.91,0.0,23.26599999999992,-1.0,0.4,-0.91,0.0,12.599999999999957,-0.5,0.4,-1.0,0.0,29.26599999999992,1.0,0.4,-0.91,0.0
7.1499999999999835,-0.34999999999999387,0.4,0.02,-0.98,21.17499999999992,2.0,0.4,-0.91,0.0,23.17499999999992,-1.0,0.4,-0.91,0.0,12.499999999999957,-0.5,0.4,-1.0,0.0,29.17499999999992,1.0,0.4,-0.91,0.0
7.151999999999983,-0.44799999999999385,0.4,0.02,-0.98,21.083999999999918,2.0,0.4,-0.91,0.0,23.083999999999918,-1.0,0.4,-0.91,0.0,12.399999999999958,-0.5,0.4,-1.0,0.0,29.083999999999918,1.0,0.4,-0.91,0.0
7.153999999999983,-0.5459999999999938,0.4,0.02,-0.98,20.992999999999917,2.0,0.4,-0.91,0.0,22.992999999999917,-1.0,0.4,-0.91,0.0,12.299999999999958,-0.5,0.4,-1.0,0.0,28.992999999999917,1.0,0.4,-0.91,0.0
7.155999999999983,-0.6439999999999938,0.4,0.02,-0.98,20.901999999999916,2.0,0.4,-0.91,0.0,22.901999999999916,-1.0,0.4,-0.91,0.0,12.199999999999958,-0.5,0.4,-1.0,0.0,28.901999999999916,1.0,0.4,-0.91,0.0
7.157999999999983,-0.7419999999999938,0.4,0.02,-0.98,20.810999999999915,2.0,0.4,-0.91,0.0,22.810999999999915,-1.0,0.4,-0.91,0.0,12.099999999999959,-0.5,0.4,-1.0,0.0,28.810999999999915,1.0,0.4,-0.91,0.0
7.159999999999982,-0.8399999999999938,0.4,0.02,-0.98,20.719999999999914,2.0,0.4,-0.91,0.0,22.719999999999914,-1.0,0.4,-0.91,0.0,11.99999999999996,-0.5,0.4,-1.0,0.0,28.719999999999914,1.0,0.4,-0.91,0.0
7.161999999999982,-0.9379999999999937,0.4,0.02,-0.98,20.628999999999913,2.0,0.4,-0.91,0.0,22.628999999999913,-1.0,0.4,-0.91,0.0,11.89999999999996,-0.5,0.4,-1.0,0.0,28.628999999999913,1.0,0.4,-0.91,0.0
7.163999999999982,-1.0359999999999938,0.4,0.02,-0.98,20.53799999999991,2.0,0.4,-0.91,0.0,22.53799999999991,-1.0,0.4,-0.91,0.0,11.79999999999996,-0.5,0.4,-1.0,0.0,28.53799999999991,1.0,0.4,-0.91,0.0
7.165999999999982,-1.133999999999994,0.4,0.02,-0.98,20.44699999999991,2.0,0.4,-0.91,0.0,22.44699999999991,-1.0,0.4,-0.91,0.0,11.69999999999996,-0.5,0.4,-1.0,0.0,28.44699999999991,1.0,0.4,-0.91,0.0
7.1679999999999815,-1.231999999999994,0.4,0.02,-0.98,20.35599999999991,2.0,0.4,-0.91,0.0,22.35599999999991,-1.0,0.4,-0.91,0.0,11.59999999999996,-0.5,0.4,-1.0,0.0,28.35599999999991,1.0,0.4,-0.91,0.0
7.169999999999981,-1.329999999999994,0.4,0.02,-0.98,20.264999999999908,2.0,0.4,-0.91,0.0,22.264999999999908,-1.0,0.4,-0.91,0.0,11.499999999999961,-0.5,0.4,-1.0,0.0,28.264999999999908,1.0,0.4,-0.91,0.0
7.171999999999981,-1.4279999999999942,0.4,0.02,-0.98,20.173999999999907,2.0,0.4,-0.91,0.0,22.173999999999907,-1.0,0.4,-0.91,0.0,11.399999999999961,-0.5,0.4,-1.0,0.0,28.173999999999907,1.0,0.4,-0.91,0.0
7.173999999999981,-1.5259999999999942,0.4,0.02,-0.98,20.082999999999906,2.0,0.4,-0.91,0.0,22.082999999999906,-1.0,0.4,-0.91,0.0,11.299999999999962,-0.5,0.4,-1.0,0.0,28.082999999999906,1.0,0.4,-0.91,0.0
7.175999999999981,-1.6239999999999943,0.4,0.02,-0.98,19.991999999999905,2.0,0.4,-0.91,0.0,21.991999999999905,-1.0,0.4,-0.91,0.0,11.199999999999962,-0.5,0.4,-1.0,0.0,27.991999999999905,1.0,0.4,-0.91,0.0
7.17799999999998,-1.7219999999999944,0.4,0.02,-0.98,19.900999999999904,2.0,0.4,-0.91,0.0,21.900999999999904,-1.0,0.4,-0.91,0.0,11.099999999999962,-0.5,0.4,-1.0,0.0,27.900999999999904,1.0,0.4,-0.91,0.0
7.17999999999998,-1.8199999999999945,0.4,0.02,-0.98,19.809999999999903,2.0,0.4,-0.91,0.0,21.809999999999903,-1.0,0.4,-0.91,0.0,10.999999999999963,-0.5,0.4,-1.0,0.0,27.809999999999903,1.0,0.4,-0.91,0.0
7.18199999999998,-1.9179999999999946,0.4,0.02,-0.98,19.7189999999999,2.0,0.4,-0.91,0.0,21.7189999999999,-1.0,0.4,-0.91,0.0,10.899999999999963,-0.5,0.4,-1.0,0.0,27.7189999999999,1.0,0.4,-0.91,0.0
7.18399999999998,-2.0159999999999947,0.4,0.02,-0.98,19.6279999999999,2.0,0.4,-0.91,0.0,21.6279999999999,-1.0,0.4,-0.91,0.0,10.799999999999963,-0.5,0.4,-1.0,0.0,27.6279999999999,1.0,0.4,-0.91,0.0
7.1859999999999795,-2.1139999999999946,0.4,0.02,-0.98,19.5369999999999,2.0,0.4,-0.91,0.0,21.5369999999999,-1.0,0.4,-0.91,0.0,10.699999999999964,-0.5,0.4,-1.0,0.0,27.5369999999999,1.0,0.4,-0.91,0.0
7.187999999999979,-2.2119999999999944,0.4,0.02,-0.98,19.4459999999999,2.0,0.4,-0.91,0.0,21.4459999999999,-1.0,0.4,-0.91,0.0,10.599999999999964,-0.5,0.4,-1.0,0.0,27.4459999999999,1.0,0.4,-0.91,0.0
7.189999999999979,-2.3099999999999943,0.4,0.02,-0.98,19.354999999999897,2.0,0.4,-0.91,0.0,21.354999999999897,-1.0,0.4,-0.91,0.0,10.499999999999964,-0.5,0.4,-1.0,0.0,27.354999999999897,1.0,0.4,-0.91,0.0
7.191999999999979,-2.407999999999994,0.4,0.02,-0.98,19.263999999999896,2.0,0.4,-0.91,0.0,21.263999999999896,-1.0,0.4,-0.91,0.0,10.399999999999965,-0.5,0.4,-1.0,0.0,27.263999999999896,1.0,0.4,-0.91,0.0
7.193999999999979,-2.505999999999994,0.4,0.02,-0.98,19.172999999999895,2.0,0.4,-0.91,0.0,21.172999999999895,-1.0,0.4,-0.91,0.0,10.299999999999965,-0.5,0.4,-1.0,0.0,27.172999999999895,1.0,0.4,-0.91,0.0
7.195999999999978,-2.603999999999994,0.4,0.02,-0.98,19.081999999999894,2.0,0.4,-0.91,0.0,21.081999999999894,-1.0,0.4,-0.91,0.0,10.199999999999966,-0.5,0.4,-1.0,0.0,27.081999999999894,1.0,0.4,-0.91,0.0
7.197999999999978,-2.7019999999999937,0.4,0.02,-0.98,18.990999999999893,2.0,0.4,-0.91,0.0,20.990999999999893,-1.0,0.4,-0.91,0.0,10.099999999999966,-0.5,0.4,-1.0,0.0,26.990999999999893,1.0,0.4,-0.91,0.0
7.199999999999978,-2.7999999999999936,0.4,0.02,-0.98,18.899999999999892,2.0,0.4,-0.91,0.0,20.899999999999892,-1.0,0.4,-0.91,0.0,9.999999999999966,-0.5,0.4,-1.0,0.0,26.899999999999892,1.0,0.4,-0.91,0.0
7.201999999999978,-2.8979999999999935,0.4,0.02,-0.98,18.80899999999989,2.0,0.4,-0.91,0.0,20.80899999999989,-1.0,0.4,-0.91,0.0,9.899999999999967,-0.5,0.4,-1.0,0.0,26.80899999999989,1.0,0.4,-0.91,0.0
7.2039999999999775,-2.9959999999999933,0.4,0.02,-0.98,18.71799999999989,2.0,0.4,-0.91,0.0,20.71799999999989,-1.0,0.4,-0.91,0.0,9.799999999999967,-0.5,0.4,-1.0,0.0,26.71799999999989,1.0,0.4,-0.91,0.0
7.205999999999977,-3.093999999999993,0.4,0.02,-0.98,18.62699999999989,2.0,0.4,-0.91,0.0,20.62699999999989,-1.0,0.4,-0.91,0.0,9.699999999999967,-0.5,0.4,-1.0,0.0,26.62699999999989,1.0,0.4,-0.91,0.0
7.207999999999977,-3.191999999999993,0.4,0.02,-0.98,18.535999999999888,2.0,0.4,-0.91,0.0,20.535999999999888,-1.0,0.4,-0.91,0.0,9.599999999999968,-0.5,0.4,-1.0,0.0,26.535999999999888,1.0,0.4,-0.91,0.0
7.209999999999977,-3.289999999999993,0.4,0.02,-0.98,18.444999999999887,2.0,0.4,-0.91,0.0,20.444999999999887,-1.0,0.4,-0.91,0.0,9.499999999999968,-0.5,0.4,-1.0,0.0,26.444999999999887,1.0,0.4,-0.91,0.0
7.211999999999977,-3.387999999999993,0.4,0.02,-0.98,18.353999999999886,2.0,0.4,-0.91,0.0,20.353999999999886,-1.0,0.4,-0.91,0.0,9.399999999999968,-0.5,0.4,-1.0,0.0,26.353999999999886,1.0,0.4,-0.91,0.0
7.213999999999976,-3.4859999999999927,0.4,0.02,-0.98,18.262999999999884,2.0,0.4,-0.91,0.0,20.262999999999884,-1.0,0.4,-0.91,0.0,9.299999999999969,-0.5,0.4,-1.0,0.0,26.262999999999884,1.0,0.4,-0.91,0.0
7.215999999999976,-3.5839999999999925,0.4,0.02,-0.98,18.171999999999883,2.0,0.4,-0.91,0.0,20.171999999999883,-1.0,0.4,-0.91,0.0,9.199999999999969,-0.5,0.4,-1.0,0.0,26.171999999999883,1.0,0.4,-0.91,0.0
7.217999999999976,-3.6819999999999924,0.4,0.02,-0.98,18.080999999999882,2.0,0.4,-0.91,0.0,20.080999999999882,-1.0,0.4,-0.91,0.0,9.09999999999997,-0.5,0.4,-1.0,0.0,26.080999999999882,1.0,0.4,-0.91,0.0
7.219999999999976,-3.7799999999999923,0.4,0.02,-0.98,17.98999999999988,2.0,0.4,-0.91,0.0,19.98999999999988,-1.0,0.4,-0.91,0.0,8.99999999999997,-0.5,0.4,-1.0,0.0,25.98999999999988,1.0,0.4,-0.91,0.0
7.2219999999999756,-3.877999999999992,0.4,0.02,-0.98,17.89899999999988,2.0,0.4,-0.91,0.0,19.89899999999988,-1.0,0.4,-0.91,0.0,8.89999999999997,-0.5,0.4,-1.0,0.0,25.89899999999988,1.0,0.4,-0.91,0.0
7.223999999999975,-3.975999999999992,0.4,0.02,-0.98,17.80799999999988,2.0,0.4,-0.91,0.0,19.80799999999988,-1.0,0.4,-0.91,0.0,8.79999999999997,-0.5,0.4,-1.0,0.0,25.80799999999988,1.0,0.4,-0.91,0.0
7.225999999999975,-4.073999999999992,0.4,0.02,-0.98,17.716999999999878,2.0,0.4,-0.91,0.0,19.716999999999878,-1.0,0.4,-0.91,0.0,8.69999999999997,-0.5,0.4,-1.0,0.0,25.716999999999878,1.0,0.4,-0.91,0.0
7.227999999999975,-4.171999999999992,0.4,0.02,-0.98,17.625999999999877,2.0,0.4,-0.91,0.0,19.625999999999877,-1.0,0.4,-0.91,0.0,8.599999999999971,-0.5,0.4,-1.0,0.0,25.625999999999877,1.0,0.4,-0.91,0.0
7.229999999999975,-4.269999999999992,0.4,0.02,-0.98,17.534999999999876,2.0,0.4,-0.91,0.0,19.534999999999876,-1.0,0.4,-0.91,0.0,8.499999999999972,-0.5,0.4,-1.0,0.0,25.534999999999876,1.0,0.4,-0.91,0.0
7.2319999999999744,-4.3679999999999914,0.4,0.02,-0.98,17.443999999999875,2.0,0.4,-0.91,0.0,19.443999999999875,-1.0,0.4,-0.91,0.0,8.399999999999972,-0.5,0.4,-1.0,0.0,25.443999999999875,1.0,0.4,-0.91,0.0
7.233999999999974,-4.465999999999991,0.4,0.02,-0.98,17.352999999999874,2.0,0.4,-0.91,0.0,19.352999999999874,-1.0,0.4,-0.91,0.0,8.299999999999972,-0.5,0.4,-1.0,0.0,25.352999999999874,1.0,0.4,-0.91,0.0
7.235999999999974,-4.563999999999991,0.4,0.02,-0.98,17.261999999999873,2.0,0.4,-0.91,0.0,19.261999999999873,-1.0,0.4,-0.91,0.0,8.199999999999973,-0.5,0.4,-1.0,0.0,25.261999999999873,1.0,0.4,-0.91,0.0
7.237999999999974,-4.661999999999991,0.4,0.02,-0.98,17.17099999999987,2.0,0.4,-0.91,0.0,19.17099999999987,-1.0,0.4,-0.91,0.0,8.099999999999973,-0.5,0.4,-1.0,0.0,25.17099999999987,1.0,0.4,-0.91,0.0
7.239999999999974,-4.759999999999991,0.4,0.02,-0.98,17.07999999999987,2.0,0.4,-0.91,0.0,19.07999999999987,-1.0,0.4,-0.91,0.0,7.999999999999973,-0.5,0.4,-1.0,0.0,25.07999999999987,1.0,0.4,-0.91,0.0
7.241999999999973,-4.857999999999991,0.4,0.02,-0.98,16.98899999999987,2.0,0.4,-0.91,0.0,18.98899999999987,-1.0,0.4,-0.91,0.0,7.899999999999974,-0.5,0.4,-1.0,0.0,24.98899999999987,1.0,0.4,-0.91,0.0
7.243999999999973,-4.955999999999991,0.4,0.02,-0.98,16.89799999999987,2.0,0.4,-0.91,0.0,18.89799999999987,-1.0,0.4,-0.91,0.0,7.799999999999974,-0.5,0.4,-1.0,0.0,24.89799999999987,1.0,0.4,-0.91,0.0
7.245999999999973,-5.0539999999999905,0.4,0.02,-0.98,16.806999999999867,2.0,0.4,-0.91,0.0,18.806999999999867,-1.0,0.4,-0.91,0.0,7.699999999999974,-0.5,0.4,-1.0,0.0,24.806999999999867,1.0,0.4,-0.91,0.0
7.247999999999973,-5.15199999999999,0.4,0.02,-0.98,16.715999999999866,2.0,0.4,-0.91,0.0,18.715999999999866,-1.0,0.4,-0.91,0.0,7.599999999999975,-0.5,0.4,-1.0,0.0,24.715999999999866,1.0,0.4,-0.91,0.0
7.2499999999999725,-5.24999999999999,0.4,0.02,-0.98,16.624999999999865,2.0,0.4,-0.91,0.0,18.624999999999865,-1.0,0.4,-0.91,0.0,7.499999999999975,-0.5,0.4,-1.0,0.0,24.624999999999865,1.0,0.4,-0.91,0.0
7.251999999999972,-5.34799999999999,0.4,0.02,-0.98,16.533999999999864,2.0,0.4,-0.91,0.0,18.533999999999864,-1.0,0.4,-0.91,0.0,7.3999999999999755,-0.5,0.4,-1.0,0.0,24.533999999999864,1.0,0.4,-0.91,0.0
7.253999999999972,-5.44599999999999,0.4,0.02,-0.98,16.442999999999863,2.0,0.4,-0.91,0.0,18.442999999999863,-1.0,0.4,-0.91,0.0,7.299999999999976,-0.5,0.4,-1.0,0.0,24.442999999999863,1.0,0.4,-0.91,0.0
7.255999999999972,-5.54399999999999,0.4,0.02,-0.98,16.35199999999986,2.0,0.4,-0.91,0.0,18.35199999999986,-1.0,0.4,-0.91,0.0,7.199999999999976,-0.5,0.4,-1.0,0.0,24.35199999999986,1.0,0.4,-0.91,0.0
7.257999999999972,-5.64199999999999,0.4,0.02,-0.98,16.26099999999986,2.0,0.4,-0.91,0.0,18.26099999999986,-1.0,0.4,-0.91,0.0,7.0999999999999766,-0.5,0.4,-1.0,0.0,24.26099999999986,1.0,0.4,-0.91,0.0
7.259999999999971,-5.7399999999999896,0.4,0.02,-0.98,16.16999999999986,2.0,0.4,-0.91,0.0,18.16999999999986,-1.0,0.4,-0.91,0.0,6.999999999999977,-0.5,0.4,-1.0,0.0,24.16999999999986,1.0,0.4,-0.91,0.0
7.261999999999971,-5.837999999999989,0.4,0.02,-0.98,16.07899999999986,2.0,0.4,-0.91,0.0,18.07899999999986,-1.0,0.4,-0.91,0.0,6.899999999999977,-0.5,0.4,-1.0,0.0,24.07899999999986,1.0,0.4,-0.91,0.0
7.263999999999971,-5.935999999999989,0.4,0.02,-0.98,15.98799999999986,2.0,0.4,-0.91,0.0,17.987999999999857,-1.0,0.4,-0.91,0.0,6.799999999999978,-0.5,0.4,-1.0,0.0,23.987999999999857,1.0,0.4,-0.91,0.0
7.265999999999971,-6.033999999999989,0.4,0.02,-0.98,15.89699999999986,2.0,0.4,-0.91,0.0,17.896999999999856,-1.0,0.4,-0.91,0.0,6.699999999999978,-0.5,0.4,-1.0,0.0,23.896999999999856,1.0,0.4,-0.91,0.0
7.2679999999999705,-6.131999999999989,0.4,0.02,-0.98,15.80599999999986,2.0,0.4,-0.91,0.0,17.805999999999855,-1.0,0.4,-0.91,0.0,6.599999999999978,-0.5,0.4,-1.0,0.0,23.805999999999855,1.0,0.4,-0.91,0.0
7.26999999999997,-6.229999999999989,0.4,0.02,-0.98,15.714999999999861,2.0,0.4,-0.91,0.0,17.714999999999854,-1.0,0.4,-0.91,0.0,6.499999999999979,-0.5,0.4,-1.0,0.0,23.714999999999854,1.0,0.4,-0.91,0.0
7.27199999999997,-6.327999999999989,0.4,0.02,-0.98,15.623999999999862,2.0,0.4,-0.91,0.0,17.623999999999853,-1.0,0.4,-0.91,0.0,6.399999999999979,-0.5,0.4,-1.0,0.0,23.623999999999853,1.0,0.4,-0.91,0.0
7.27399999999997,-6.425999999999989,0.4,0.02,-0.98,15.532999999999863,2.0,0.4,-0.91,0.0,17.532999999999852,-1.0,0.4,-0.91,0.0,6.299999999999979,-0.5,0.4,-1.0,0.0,23.532999999999852,1.0,0.4,-0.91,0.0
7.27599999999997,-6.5239999999999885,0.4,0.02,-0.98,15.441999999999863,2.0,0.4,-0.91,0.0,17.44199999999985,-1.0,0.4,-0.91,0.0,6.19999999999998,-0.5,0.4,-1.0,0.0,23.44199999999985,1.0,0.4,-0.91,0.0
7.277999999999969,-6.621999999999988,0.4,0.02,-0.98,15.350999999999864,2.0,0.4,-0.91,0.0,17.35099999999985,-1.0,0.4,-0.91,0.0,6.09999999999998,-0.5,0.4,-1.0,0.0,23.35099999999985,1.0,0.4,-0.91,0.0
7.279999999999969,-6.719999999999988,0.4,0.02,-0.98,15.259999999999865,2.0,0.4,-0.91,0.0,17.25999999999985,-1.0,0.4,-0.91,0.0,5.9999999999999805,-0.5,0.4,-1.0,0.0,23.25999999999985,1.0,0.4,-0.91,0.0
7.281999999999969,-6.817999999999988,0.4,0.02,-0.98,15.168999999999865,2.0,0.4,-0.91,0.0,17.168999999999848,-1.0,0.4,-0.91,0.0,5.899999999999981,-0.5,0.4,-1.0,0.0,23.168999999999848,1.0,0.4,-0.91,0.0
7.283999999999969,-6.915999999999988,0.4,0.02,-0.98,15.077999999999866,2.0,0.4,-0.91,0.0,17.077999999999847,-1.0,0.4,-0.91,0.0,5.799999999999981,-0.5,0.4,-1.0,0.0,23.077999999999847,1.0,0.4,-0.91,0.0
7.2859999999999685,-7.013999999999988,0.4,0.02,-0.98,14.986999999999867,2.0,0.4,-0.91,0.0,16.986999999999846,-1.0,0.4,-0.91,0.0,5.6999999999999815,-0.5,0.4,-1.0,0.0,22.986999999999846,1.0,0.4,-0.91,0.0
7.287999999999968,-7.111999999999988,0.4,0.02,-0.98,14.895999999999868,2.0,0.4,-0.91,0.0,16.895999999999844,-1.0,0.4,-0.91,0.0,5.599999999999982,-0.5,0.4,-1.0,0.0,22.895999999999844,1.0,0.4,-0.91,0.0
7.289999999999968,-7.2099999999999875,0.4,0.02,-0.98,14.804999999999868,2.0,0.4,-0.91,0.0,16.804999999999843,-1.0,0.4,-0.91,0.0,5.499999999999982,-0.5,0.4,-1.0,0.0,22.804999999999843,1.0,0.4,-0.91,0.0
7.291999999999968,-7.307999999999987,0.4,0.02,-0.98,14.713999999999869,2.0,0.4,-0.91,0.0,16.713999999999842,-1.0,0.4,-0.91,0.0,5.399999999999983,-0.5,0.4,-1.0,0.0,22.713999999999842,1.0,0.4,-0.91,0.0
7.293999999999968,-7.405999999999987,0.4,0.02,-0.98,14.62299999999987,2.0,0.4,-0.91,0.0,16.62299999999984,-1.0,0.4,-0.91,0.0,5.299999999999983,-0.5,0.4,-1.0,0.0,22.62299999999984,1.0,0.4,-0.91,0.0
7.295999999999967,-7.503999999999987,0.4,0.02,-0.98,14.53199999999987,2.0,0.4,-0.91,0.0,16.53199999999984,-1.0,0.4,-0.91,0.0,5.199999999999983,-0.5,0.4,-1.0,0.0,22.53199999999984,1.0,0.4,-0.91,0.0
7.297999999999967,-7.601999999999987,0.4,0.02,-0.98,14.440999999999871,2.0,0.4,-0.91,0.0,16.44099999999984,-1.0,0.4,-0.91,0.0,5.099999999999984,-0.5,0.4,-1.0,0.0,22.44099999999984,1.0,0.4,-0.91,0.0
7.299999999999967,-7.699999999999987,0.4,0.02,-0.98,14.349999999999872,2.0,0.4,-0.91,0.0,16.349999999999838,-1.0,0.4,-0.91,0.0,4.999999999999984,-0.5,0.4,-1.0,0.0,22.349999999999838,1.0,0.4,-0.91,0.0
7.301999999999967,-7.797999999999987,0.4,0.02,-0.98,14.258999999999872,2.0,0.4,-0.91,0.0,16.258999999999837,-1.0,0.4,-0.91,0.0,4.899999999999984,-0.5,0.4,-1.0,0.0,22.258999999999837,1.0,0.4,-0.91,0.0
7.3039999999999665,-7.895999999999987,0.4,0.02,-0.98,14.167999999999873,2.0,0.4,-0.91,0.0,16.167999999999836,-1.0,0.4,-0.91,0.0,4.799999999999985,-0.5,0.4,-1.0,0.0,22.167999999999836,1.0,0.4,-0.91,0.0
7.305999999999966,-7.9939999999999864,0.4,0.02,-0.98,14.076999999999874,2.0,0.4,-0.91,0.0,16.076999999999835,-1.0,0.4,-0.91,0.0,4.699999999999985,-0.5,0.4,-1.0,0.0,22.076999999999835,1.0,0.4,-0.91,0.0
7.307999999999966,-8.091999999999986,0.4,0.02,-0.98,13.985999999999875,2.0,0.4,-0.91,0.0,15.985999999999835,-1.0,0.4,-0.91,0.0,4.599999999999985,-0.5,0.4,-1.0,0.0,21.985999999999834,1.0,0.4,-0.91,0.0
7.309999999999966,-8.189999999999987,0.4,0.02,-0.98,13.894999999999875,2.0,0.4,-0.91,0.0,15.894999999999836,-1.0,0.4,-0.91,0.0,4.499999999999986,-0.5,0.4,-1.0,0.0,21.894999999999833,1.0,0.4,-0.91,0.0
7.311999999999966,-8.287999999999988,0.4,0.02,-0.98,13.803999999999876,2.0,0.4,-0.91,0.0,15.803999999999837,-1.0,0.4,-0.91,0.0,4.399999999999986,-0.5,0.4,-1.0,0.0,21.80399999999983,1.0,0.4,-0.91,0.0
7.313999999999965,-8.385999999999989,0.4,0.02,-0.98,13.712999999999877,2.0,0.4,-0.91,0.0,15.712999999999838,-1.0,0.4,-0.91,0.0,4.2999999999999865,-0.5,0.4,-1.0,0.0,21.71299999999983,1.0,0.4,-0.91,0.0
7.315999999999965,-8.48399999999999,0.4,0.02,-0.98,13.621999999999877,2.0,0.4,-0.91,0.0,15.621999999999838,-1.0,0.4,-0.91,0.0,4.199999999999987,-0.5,0.4,-1.0,0.0,21.62199999999983,1.0,0.4,-0.91,0.0
7.317999999999965,-8.58199999999999,0.4,0.02,-0.98,13.530999999999878,2.0,0.4,-0.91,0.0,15.530999999999839,-1.0,0.4,-0.91,0.0,4.099999999999987,-0.5,0.4,-1.0,0.0,21.53099999999983,1.0,0.4,-0.91,0.0
7.319999999999965,-8.67999999999999,0.4,0.02,-0.98,13.439999999999879,2.0,0.4,-0.91,0.0,15.43999999999984,-1.0,0.4,-0.91,0.0,3.999999999999987,-0.5,0.4,-1.0,0.0,21.439999999999827,1.0,0.4,-0.91,0.0
7.3219999999999645,-8.777999999999992,0.4,0.02,-0.98,13.34899999999988,2.0,0.4,-0.91,0.0,15.34899999999984,-1.0,0.4,-0.91,0.0,3.899999999999987,-0.5,0.4,-1.0,0.0,21.348999999999826,1.0,0.4,-0.91,0.0
7.323999999999964,-8.875999999999992,0.4,0.02,-0.98,13.25799999999988,2.0,0.4,-0.91,0.0,15.257999999999841,-1.0,0.4,-0.91,0.0,3.799999999999987,-0.5,0.4,-1.0,0.0,21.257999999999825,1.0,0.4,-0.91,0.0
7.325999999999964,-8.973999999999993,0.4,0.02,-0.98,13.16699999999988,2.0,0.4,-0.91,0.0,15.166999999999842,-1.0,0.4,-0.91,0.0,3.699999999999987,-0.5,0.4,-1.0,0.0,21.166999999999824,1.0,0.4,-0.91,0.0
7.327999999999964,-9.071999999999994,0.4,0.02,-0.98,13.075999999999881,2.0,0.4,-0.91,0.0,15.075999999999842,-1.0,0.4,-0.91,0.0,3.5999999999999868,-0.5,0.4,-1.0,0.0,21.075999999999823,1.0,0.4,-0.91,0.0
7.329999999999964,-9.169999999999995,0.4,0.02,-0.98,12.984999999999882,2.0,0.4,-0.91,0.0,14.984999999999843,-1.0,0.4,-0.91,0.0,3.4999999999999867,-0.5,0.4,-1.0,0.0,20.984999999999822,1.0,0.4,-0.91,0.0
7.331999999999963,-9.267999999999995,0.4,0.02,-0.98,12.893999999999883,2.0,0.4,-0.91,0.0,14.893999999999844,-1.0,0.4,-0.91,0.0,3.3999999999999866,-0.5,0.4,-1.0,0.0,20.89399999999982,1.0,0.4,-0.91,0.0
7.333999999999963,-9.365999999999996,0.4,0.02,-0.98,12.802999999999884,2.0,0.4,-0.91,0.0,14.802999999999845,-1.0,0.4,-0.91,0.0,3.2999999999999865,-0.5,0.4,-1.0,0.0,20.80299999999982,1.0,0.4,-0.91,0.0
7.335999999999963,-9.463999999999997,0.4,0.02,-0.98,12.711999999999884,2.0,0.4,-0.91,0.0,14.711999999999845,-1.0,0.4,-0.91,0.0,3.1999999999999864,-0.5,0.4,-1.0,0.0,20.71199999999982,1.0,0.4,-0.91,0.0
7.337999999999963,-9.561999999999998,0.4,0.02,-0.98,12.620999999999885,2.0,0.4,-0.91,0.0,14.620999999999846,-1.0,0.4,-0.91,0.0,3.0999999999999863,-0.5,0.4,-1.0,0.0,20.620999999999817,1.0,0.4,-0.91,0.0
7.3399999999999626,-9.659999999999998,0.4,0.02,-0.98,12.529999999999886,2.0,0.4,-0.91,0.0,14.529999999999847,-1.0,0.4,-0.91,0.0,2.9999999999999862,-0.5,0.4,-1.0,0.0,20.529999999999816,1.0,0.4,-0.91,0.0
7.341999999999962,-9.758,0.4,0.02,-0.98,12.438999999999886,2.0,0.4,-0.91,0.0,14.438999999999847,-1.0,0.4,-0.91,0.0,2.899999999999986,-0.5,0.4,-1.0,0.0,20.438999999999815,1.0,0.4,-0.91,0.0
7.343999999999962,-9.856,0.4,0.02,-0.98,12.347999999999887,2.0,0.4,-0.91,0.0,14.347999999999848,-1.0,0.4,-0.91,0.0,2.799999999999986,-0.5,0.4,-1.0,0.0,20.347999999999814,1.0,0.4,-0.91,0.0
7.345999999999962,-9.954,0.4,0.02,-0.98,12.256999999999888,2.0,0.4,-0.91,0.0,14.256999999999849,-1.0,0.4,-0.91,0.0,2.699999999999986,-0.5,0.4,-1.0,0.0,20.256999999999813,1.0,0.4,-0.91,0.0
7.347999999999962,-10.052000000000001,0.4,0.02,-0.98,12.165999999999888,2.0,0.4,-0.91,0.0,14.16599999999985,-1.0,0.4,-0.91,0.0,2.599999999999986,-0.5,0.4,-1.0,0.0,20.165999999999812,1.0,0.4,-0.91,0.0
7.3499999999999615,-10.150000000000002,0.4,0.02,-0.98,12.07499999999989,2.0,0.4,-0.91,0.0,14.07499999999985,-1.0,0.4,-0.91,0.0,2.499999999999986,-0.5,0.4,-1.0,0.0,20.07499999999981,1.0,0.4,-0.91,0.0
7.351999999999961,-10.248000000000003,0.4,0.02,-0.98,11.98399999999989,2.0,0.4,-0.91,0.0,13.98399999999985,-1.0,0.4,-0.91,0.0,2.3999999999999857,-0.5,0.4,-1.0,0.0,19.98399999999981,1.0,0.4,-0.91,0.0
7.353999999999961,-10.346000000000004,0.4,0.02,-0.98,11.89299999999989,2.0,0.4,-0.91,0.0,13.892999999999851,-1.0,0.4,-0.91,0.0,2.2999999999999856,-0.5,0.4,-1.0,0.0,19.89299999999981,1.0,0.4,-0.91,0.0
7.355999999999961,-10.444000000000004,0.4,0.02,-0.98,11.801999999999891,2.0,0.4,-0.91,0.0,13.801999999999852,-1.0,0.4,-0.91,0.0,2.1999999999999855,-0.5,0.4,-1.0,0.0,19.801999999999808,1.0,0.4,-0.91,0.0
7.357999999999961,-10.542000000000005,0.4,0.02,-0.98,11.710999999999892,2.0,0.4,-0.91,0.0,13.710999999999853,-1.0,0.4,-0.91,0.0,2.0999999999999854,-0.5,0.4,-1.0,0.0,19.710999999999807,1.0,0.4,-0.91,0.0
7.35999999999996,-10.640000000000006,0.4,0.02,-0.98,11.619999999999893,2.0,0.4,-0.91,0.0,13.619999999999854,-1.0,0.4,-0.91,0.0,1.9999999999999853,-0.5,0.4,-1.0,0.0,19.619999999999806,1.0,0.4,-0.91,0.0
7.36199999999996,-10.738000000000007,0.4,0.02,-0.98,11.528999999999893,2.0,0.4,-0.91,0.0,13.528999999999854,-1.0,0.4,-0.91,0.0,1.8999999999999853,-0.5,0.4,-1.0,0.0,19.528999999999805,1.0,0.4,-0.91,0.0
7.36399999999996,-10.836000000000007,0.4,0.02,-0.98,11.437999999999894,2.0,0.4,-0.91,0.0,13.437999999999855,-1.0,0.4,-0.91,0.0,1.7999999999999852,-0.5,0.4,-1.0,0.0,19.437999999999803,1.0,0.4,-0.91,0.0
7.36599999999996,-10.934000000000008,0.4,0.02,-0.98,11.346999999999895,2.0,0.4,-0.91,0.0,13.346999999999856,-1.0,0.4,-0.91,0.0,1.699999999999985,-0.5,0.4,-1.0,0.0,19.346999999999802,1.0,0.4,-0.91,0.0
7.3679999999999595,-11.032000000000009,0.4,0.02,-0.98,11.255999999999895,2.0,0.4,-0.91,0.0,13.255999999999856,-1.0,0.4,-0.91,0.0,1.599999999999985,-0.5,0.4,-1.0,0.0,19.2559999999998,1.0,0.4,-0.91,0.0
7.369999999999959,-11.13000000000001,0.4,0.02,-0.98,11.164999999999896,2.0,0.4,-0.91,0.0,13.164999999999857,-1.0,0.4,-0.91,0.0,1.499999999999985,-0.5,0.4,-1.0,0.0,19.1649999999998,1.0,0.4,-0.91,0.0
7.371999999999959,-11.22800000000001,0.4,0.02,-0.98,11.073999999999897,2.0,0.4,-0.91,0.0,13.073999999999858,-1.0,0.4,-0.91,0.0,1.3999999999999848,-0.5,0.4,-1.0,0.0,19.0739999999998,1.0,0.4,-0.91,0.0
7.373999999999959,-11.326000000000011,0.4,0.02,-0.98,10.982999999999898,2.0,0.4,-0.91,0.0,12.982999999999858,-1.0,0.4,-0.91,0.0,1.2999999999999847,-0.5,0.4,-1.0,0.0,18.982999999999798,1.0,0.4,-0.91,0.0
7.375999999999959,-11.424000000000012,0.4,0.02,-0.98,10.891999999999898,2.0,0.4,-0.91,0.0,12.89199999999986,-1.0,0.4,-0.91,0.0,1.1999999999999846,-0.5,0.4,-1.0,0.0,18.891999999999797,1.0,0.4,-0.91,0.0
7.377999999999958,-11.522000000000013,0.4,0.02,-0.98,10.800999999999899,2.0,0.4,-0.91,0.0,12.80099999999986,-1.0,0.4,-0.91,0.0,1.0999999999999845,-0.5,0.4,-1.0,0.0,18.800999999999796,1.0,0.4,-0.91,0.0
7.379999999999958,-11.620000000000013,0.4,0.02,-0.98,10.7099999999999,2.0,0.4,-0.91,0.0,12.70999999999986,-1.0,0.4,-0.91,0.0,0.9999999999999846,-0.5,0.4,-1.0,0.0,18.709999999999795,1.0,0.4,-0.91,0.0
7.381999999999958,-11.718000000000014,0.4,0.02,-0.98,10.6189999999999,2.0,0.4,-0.91,0.0,12.618999999999861,-1.0,0.4,-0.91,0.0,0.8999999999999846,-0.5,0.4,-1.0,0.0,18.618999999999794,1.0,0.4,-0.91,0.0
7.383999999999958,-11.816000000000015,0.4,0.02,-0.98,10.527999999999901,2.0,0.4,-0.91,0.0,12.527999999999862,-1.0,0.4,-0.91,0.0,0.7999999999999846,-0.5,0.4,-1.0,0.0,18.527999999999793,1.0,0.4,-0.91,0.0
7.3859999999999575,-11.914000000000016,0.4,0.02,-0.98,10.436999999999902,2.0,0.4,-0.91,0.0,12.436999999999863,-1.0,0.4,-0.91,0.0,0.6999999999999846,-0.5,0.4,-1.0,0.0,18.43699999999979,1.0,0.4,-0.91,0.0
7.387999999999957,-12.012000000000016,0.4,0.02,-0.98,10.345999999999902,2.0,0.4,-0.91,0.0,12.345999999999863,-1.0,0.4,-0.91,0.0,0.5999999999999847,-0.5,0.4,-1.0,0.0,18.34599999999979,1.0,0.4,-0.91,0.0
7.389999999999957,-12.110000000000017,0.4,0.02,-0.98,10.254999999999903,2.0,0.4,-0.91,0.0,12.254999999999864,-1.0,0.4,-0.91,0.0,0.4999999999999847,-0.5,0.4,-1.0,0.0,18.25499999999979,1.0,0.4,-0.91,0.0
7.391999999999957,-12.208000000000018,0.4,0.02,-0.98,10.163999999999904,2.0,0.4,-0.91,0.0,12.163999999999865,-1.0,0.4,-0.91,0.0,0.3999999999999847,-0.5,0.4,-1.0,0.0,18.16399999999979,1.0,0.4,-0.91,0.0
7.393999999999957,-12.306000000000019,0.4,0.02,-0.98,10.072999999999904,2.0,0.4,-0.91,0.0,12.072999999999865,-1.0,0.4,-0.91,0.0,0.2999999999999847,-0.5,0.4,-1.0,0.0,18.072999999999787,1.0,0.4,-0.91,0.0
7.395999999999956,-12.40400000000002,0.4,0.02,-0.98,9.981999999999905,2.0,0.4,-0.91,0.0,11.981999999999866,-1.0,0.4,-0.91,0.0,0.19999999999998472,-0.5,0.4,-1.0,0.0,17.981999999999786,1.0,0.4,-0.91,0.0
7.397999999999956,-12.50200000000002,0.4,0.02,-0.98,9.890999999999906,2.0,0.4,-0.91,0.0,11.890999999999867,-1.0,0.4,-0.91,0.0,0.09999999999998471,-0.5,0.4,-1.0,0.0,17.890999999999785,1.0,0.4,-0.91,0.0
7.399999999999956,-12.600000000000021,0.4,0.02,-0.98,9.799999999999907,2.0,0.4,-0.91,0.0,11.799999999999867,-1.0,0.4,-0.91,0.0,-1.529332216421153e-14,-0.5,0.4,-1.0,0.0,17.799999999999784,1.0,0.4,-0.91,0.0
7.401999999999956,-12.698000000000022,0.4,0.02,-0.98,9.708999999999907,2.0,0.4,-0.91,0.0,11.708999999999868,-1.0,0.4,-0.91,0.0,-0.1000000000000153,-0.5,0.4,-1.0,0.0,17.708999999999783,1.0,0.4,-0.91,0.0
7.4039999999999555,-12.796000000000022,0.4,0.02,-0.98,9.617999999999908,2.0,0.4,-0.91,0.0,11.617999999999869,-1.0,0.4,-0.91,0.0,-0.2000000000000153,-0.5,0.4,-1.0,0.0,17.617999999999782,1.0,0.4,-0.91,0.0
7.405999999999955,-12.894000000000023,0.4,0.02,-0.98,9.526999999999909,2.0,0.4,-0.91,0.0,11.52699999999987,-1.0,0.4,-0.91,0.0,-0.3000000000000153,-0.5,0.4,-1.0,0.0,17.52699999999978,1.0,0.4,-0.91,0.0
7.407999999999955,-12.992000000000024,0.4,0.02,-0.98,9.43599999999991,2.0,0.4,-0.91,0.0,11.43599999999987,-1.0,0.4,-0.91,0.0,-0.40000000000001534,-0.5,0.4,-1.0,0.0,17.43599999999978,1.0,0.4,-0.91,0.0
7.409999999999955,-13.090000000000025,0.4,0.02,-0.98,9.34499999999991,2.0,0.4,-0.91,0.0,11.344999999999871,-1.0,0.4,-0.91,0.0,-0.5000000000000153,-0.5,0.4,-1.0,0.0,17.34499999999978,1.0,0.4,-0.91,0.0
7.411999999999955,-13.188000000000025,0.4,0.02,-0.98,9.25399999999991,2.0,0.4,-0.91,0.0,11.253999999999872,-1.0,0.4,-0.91,0.0,-0.6000000000000153,-0.5,0.4,-1.0,0.0,17.253999999999778,1.0,0.4,-0.91,0.0
7.413999999999954,-13.286000000000026,0.4,0.02,-0.98,9.162999999999911,2.0,0.4,-0.91,0.0,11.162999999999872,-1.0,0.4,-0.91,0.0,-0.7000000000000153,-0.5,0.4,-1.0,0.0,17.162999999999776,1.0,0.4,-0.91,0.0
7.415999999999954,-13.384000000000027,0.4,0.02,-0.98,9.071999999999912,2.0,0.4,-0.91,0.0,11.071999999999873,-1.0,0.4,-0.91,0.0,-0.8000000000000153,-0.5,0.4,-1.0,0.0,17.071999999999775,1.0,0.4,-0.91,0.0
7.417999999999954,-13.482000000000028,0.4,0.02,-0.98,8.980999999999913,2.0,0.4,-0.91,0.0,10.980999999999874,-1.0,0.4,-0.91,0.0,-0.9000000000000152,-0.5,0.4,-1.0,0.0,16.980999999999774,1.0,0.4,-0.91,0.0
7.419999999999954,-13.580000000000028,0.4,0.02,-0.98,8.889999999999914,2.0,0.4,-0.91,0.0,10.889999999999874,-1.0,0.4,-0.91,0.0,-1.0000000000000153,-0.5,0.4,-1.0,0.0,16.889999999999773,1.0,0.4,-0.91,0.0
7.4219999999999535,-13.67800000000003,0.4,0.02,-0.98,8.798999999999914,2.0,0.4,-0.91,0.0,10.798999999999875,-1.0,0.4,-0.91,0.0,-1.1000000000000154,-0.5,0.4,-1.0,0.0,16.798999999999772,1.0,0.4,-0.91,0.0
7.423999999999953,-13.77600000000003,0.4,0.02,-0.98,8.707999999999915,2.0,0.4,-0.91,0.0,10.707999999999876,-1.0,0.4,-0.91,0.0,-1.2000000000000155,-0.5,0.4,-1.0,0.0,16.70799999999977,1.0,0.4,-0.91,0.0
7.425999999999953,-13.87400000000003,0.4,0.02,-0.98,8.616999999999916,2.0,0.4,-0.91,0.0,10.616999999999877,-1.0,0.4,-0.91,0.0,-1.3000000000000156,-0.5,0.4,-1.0,0.0,16.61699999999977,1.0,0.4,-0.91,0.0
7.427999999999953,-13.972000000000032,0.4,0.02,-0.98,8.525999999999916,2.0,0.4,-0.91,0.0,10.525999999999877,-1.0,0.4,-0.91,0.0,-1.4000000000000157,-0.5,0.4,-1.0,0.0,16.52599999999977,1.0,0.4,-0.91,0.0
7.429999999999953,-14.070000000000032,0.4,0.02,-0.98,8.434999999999917,2.0,0.4,-0.91,0.0,10.434999999999878,-1.0,0.4,-0.91,0.0,-1.5000000000000158,-0.5,0.4,-1.0,0.0,16.434999999999768,1.0,0.4,-0.91,0.0
7.431999999999952,-14.168000000000033,0.4,0.02,-0.98,8.343999999999918,2.0,0.4,-0.91,0.0,10.343999999999879,-1.0,0.4,-0.91,0.0,-1.6000000000000159,-0.5,0.4,-1.0,0.0,16.343999999999767,1.0,0.4,-0.91,0.0
7.433999999999952,-14.266000000000034,0.4,0.02,-0.98,8.252999999999918,2.0,0.4,-0.91,0.0,10.25299999999988,-1.0,0.4,-0.91,0.0,-1.700000000000016,-0.5,0.4,-1.0,0.0,16.252999999999766,1.0,0.4,-0.91,0.0
7.435999999999952,-14.364000000000035,0.4,0.02,-0.98,8.161999999999919,2.0,0.4,-0.91,0.0,10.16199999999988,-1.0,0.4,-0.91,0.0,-1.800000000000016,-0.5,0.4,-1.0,0.0,16.161999999999765,1.0,0.4,-0.91,0.0
7.437999999999952,-14.462000000000035,0.4,0.02,-0.98,8.07099999999992,2.0,0.4,-0.91,0.0,10.07099999999988,-1.0,0.4,-0.91,0.0,-1.9000000000000161,-0.5,0.4,-1.0,0.0,16.070999999999763,1.0,0.4,-0.91,0.0
7.4399999999999515,-14.560000000000036,0.4,0.02,-0.98,7.97999999999992,2.0,0.4,-0.91,0.0,9.979999999999881,-1.0,0.4,-0.91,0.0,-2.000000000000016,-0.5,0.4,-1.0,0.0,15.979999999999764,1.0,0.4,-0.91,0.0
7.441999999999951,-14.658000000000037,0.4,0.02,-0.98,7.888999999999919,2.0,0.4,-0.91,0.0,9.888999999999882,-1.0,0.4,-0.91,0.0,-2.100000000000016,-0.5,0.4,-1.0,0.0,15.888999999999765,1.0,0.4,-0.91,0.0
7.443999999999951,-14.756000000000038,0.4,0.02,-0.98,7.797999999999919,2.0,0.4,-0.91,0.0,9.797999999999883,-1.0,0.4,-0.91,0.0,-2.200000000000016,-0.5,0.4,-1.0,0.0,15.797999999999766,1.0,0.4,-0.91,0.0
7.445999999999951,-14.854000000000038,0.4,0.02,-0.98,7.706999999999919,2.0,0.4,-0.91,0.0,9.706999999999883,-1.0,0.4,-0.91,0.0,-2.3000000000000163,-0.5,0.4,-1.0,0.0,15.706999999999766,1.0,0.4,-0.91,0.0
7.447999999999951,-14.952000000000039,0.4,0.02,-0.98,7.615999999999919,2.0,0.4,-0.91,0.0,9.615999999999884,-1.0,0.4,-0.91,0.0,-2.4000000000000163,-0.5,0.4,-1.0,0.0,15.615999999999767,1.0,0.4,-0.91,0.0
7.44999999999995,-15.05000000000004,0.4,0.02,-0.98,7.524999999999919,2.0,0.4,-0.91,0.0,9.524999999999885,-1.0,0.4,-0.91,0.0,-2.5000000000000164,-0.5,0.4,-1.0,0.0,15.524999999999768,1.0,0.4,-0.91,0.0
7.45199999999995,-15.14800000000004,0.4,0.02,-0.98,7.4339999999999185,2.0,0.4,-0.91,0.0,9.433999999999886,-1.0,0.4,-0.91,0.0,-2.6000000000000165,-0.5,0.4,-1.0,0.0,15.433999999999768,1.0,0.4,-0.91,0.0
7.45399999999995,-15.246000000000041,0.4,0.02,-0.98,7.342999999999918,2.0,0.4,-0.91,0.0,9.342999999999886,-1.0,0.4,-0.91,0.0,-2.7000000000000166,-0.5,0.4,-1.0,0.0,15.342999999999769,1.0,0.4,-0.91,0.0
7.45599999999995,-15.344000000000042,0.4,0.02,-0.98,7.251999999999918,2.0,0.4,-0.91,0.0,9.251999999999887,-1.0,0.4,-0.91,0.0,-2.8000000000000167,-0.5,0.4,-1.0,0.0,15.25199999999977,1.0,0.4,-0.91,0.0
7.45799999999995,-15.442000000000043,0.4,0.02,-0.98,7.160999999999918,2.0,0.4,-0.91,0.0,9.160999999999888,-1.0,0.4,-0.91,0.0,-2.900000000000017,-0.5,0.4,-1.0,0.0,15.16099999999977,1.0,0.4,-0.91,0.0
7.459999999999949,-15.540000000000044,0.4,0.02,-0.98,7.069999999999918,2.0,0.4,-0.91,0.0,9.069999999999888,-1.0,0.4,-0.91,0.0,-3.000000000000017,-0.5,0.4,-1.0,0.0,15.069999999999771,1.0,0.4,-0.91,0.0
7.461999999999949,-15.638000000000044,0.4,0.02,-0.98,6.9789999999999175,2.0,0.4,-0.91,0.0,8.978999999999889,-1.0,0.4,-0.91,0.0,-3.100000000000017,-0.5,0.4,-1.0,0.0,14.978999999999772,1.0,0.4,-0.91,0.0
7.463999999999949,-15.736000000000045,0.4,0.02,-0.98,6.887999999999917,2.0,0.4,-0.91,0.0,8.88799999999989,-1.0,0.4,-0.91,0.0,-3.200000000000017,-0.5,0.4,-1.0,0.0,14.887999999999773,1.0,0.4,-0.91,0.0
7.465999999999949,-15.834000000000046,0.4,0.02,-0.98,6.796999999999917,2.0,0.4,-0.91,0.0,8.79699999999989,-1.0,0.4,-0.91,0.0,-3.300000000000017,-0.5,0.4,-1.0,0.0,14.796999999999773,1.0,0.4,-0.91,0.0
7.4679999999999485,-15.932000000000047,0.4,0.02,-0.98,6.705999999999917,2.0,0.4,-0.91,0.0,8.705999999999891,-1.0,0.4,-0.91,0.0,-3.4000000000000172,-0.5,0.4,-1.0,0.0,14.705999999999774,1.0,0.4,-0.91,0.0
