x0,y0,r0,dx0,dy0
10.0,10.0,0.4,0.02,-1.0
10.002,9.9,0.4,0.02,-1.0
10.004000000000001,9.8,0.4,0.02,-1.0
10.006000000000002,9.700000000000001,0.4,0.02,-1.0
10.008000000000003,9.600000000000001,0.4,0.02,-1.0
10.010000000000003,9.500000000000002,0.4,0.02,-1.0
10.012000000000004,9.400000000000002,0.4,0.02,-1.0
10.014000000000005,9.300000000000002,0.4,0.02,-1.0
10.016000000000005,9.200000000000003,0.4,0.02,-1.0
10.018000000000006,9.100000000000003,0.4,0.02,-1.0
10.020000000000007,9.000000000000004,0.4,0.02,-1.0
10.022000000000007,8.900000000000004,0.4,0.02,-1.0
10.024000000000008,8.800000000000004,0.4,0.02,-1.0
10.026000000000009,8.700000000000005,0.4,0.02,-1.0
10.02800000000001,8.600000000000005,0.4,0.02,-1.0
10.03000000000001,8.500000000000005,0.4,0.02,-1.0
10.03200000000001,8.400000000000006,0.4,0.02,-1.0
10.034000000000011,8.300000000000006,0.4,0.02,-1.0
10.036000000000012,8.200000000000006,0.4,0.02,-1.0
10.038000000000013,8.100000000000007,0.4,0.02,-1.0
10.040000000000013,8.000000000000007,0.4,0.02,-1.0
10.042000000000014,7.9000000000000075,0.4,0.02,-1.0
10.044000000000015,7.800000000000008,0.4,0.02,-1.0
10.046000000000015,7.700000000000008,0.4,0.02,-1.0
10.048000000000016,7.6000000000000085,0.4,0.02,-1.0
10.050000000000017,7.500000000000009,0.4,0.02,-1.0
10.052000000000017,7.400000000000009,0.4,0.02,-1.0
10.054000000000018,7.30000000000001,0.4,0.02,-1.0
10.056000000000019,7.20000000000001,0.4,0.02,-1.0
10.05800000000002,7.10000000000001,0.4,0.02,-1.0
10.06000000000002,7.000000000000011,0.4,0.02,-1.0
10.06200000000002,6.900000000000011,0.4,0.02,-1.0
10.064000000000021,6.800000000000011,0.4,0.02,-1.0
10.066000000000022,6.700000000000012,0.4,0.02,-1.0
10.068000000000023,6.600000000000012,0.4,0.02,-1.0
10.070000000000023,6.500000000000012,0.4,0.02,-1.0
10.072000000000024,6.400000000000013,0.4,0.02,-1.0
10.074000000000025,6.300000000000013,0.4,0.02,-1.0
10.076000000000025,6.2000000000000135,0.4,0.02,-1.0
10.078000000000026,6.100000000000014,0.4,0.02,-1.0
10.080000000000027,6.000000000000014,0.4,0.02,-1.0
10.082000000000027,5.900000000000015,0.4,0.02,-1.0
10.084000000000028,5.800000000000015,0.4,0.02,-1.0
10.086000000000029,5.700000000000015,0.4,0.02,-1.0
10.08800000000003,5.600000000000016,0.4,0.02,-1.0
10.09000000000003,5.500000000000016,0.4,0.02,-1.0
10.09200000000003,5.400000000000016,0.4,0.02,-1.0
10.094000000000031,5.300000000000017,0.4,0.02,-1.0
10.096000000000032,5.200000000000017,0.4,0.02,-1.0
10.098000000000033,5.100000000000017,0.4,0.02,-1.0
10.100000000000033,5.000000000000018,0.4,0.02,-1.0
10.102000000000034,4.900000000000018,0.4,0.02,-1.0
10.104000000000035,4.8000000000000185,0.4,0.02,-1.0
10.106000000000035,4.700000000000019,0.4,0.02,-1.0
10.108000000000036,4.600000000000019,0.4,0.02,-1.0
10.110000000000037,4.5000000000000195,0.4,0.02,-1.0
10.112000000000037,4.40000000000002,0.4,0.02,-1.0
10.114000000000038,4.30000000000002,0.4,0.02,-1.0
10.116000000000039,4.200000000000021,0.4,0.02,-1.0
10.11800000000004,4.100000000000021,0.4,0.02,-1.0
10.12000000000004,4.000000000000021,0.4,0.02,-1.0
10.12200000000004,3.9000000000000212,0.4,0.02,-1.0
10.124000000000041,3.800000000000021,0.4,0.02,-1.0
10.126000000000042,3.700000000000021,0.4,0.02,-1.0
10.128000000000043,3.600000000000021,0.4,0.02,-1.0
10.130000000000043,3.500000000000021,0.4,0.02,-1.0
10.132000000000044,3.400000000000021,0.4,0.02,-1.0
10.134000000000045,3.3000000000000207,0.4,0.02,-1.0
10.136000000000045,3.2000000000000206,0.4,0.02,-1.0
10.138000000000046,3.1000000000000205,0.4,0.02,-1.0
10.140000000000047,3.0000000000000204,0.4,0.02,-1.0
10.142000000000047,2.9000000000000203,0.4,0.02,-1.0
10.144000000000048,2.8000000000000203,0.4,0.02,-1.0
10.146000000000049,2.70000000000002,0.4,0.02,-1.0
10.14800000000005,2.60000000000002,0.4,0.02,-1.0
10.15000000000005,2.50000000000002,0.4,0.02,-1.0
10.15200000000005,2.40000000000002,0.4,0.02,-1.0
10.154000000000051,2.30000000000002,0.4,0.02,-1.0
10.156000000000052,2.2000000000000197,0.4,0.02,-1.0
10.158000000000053,2.1000000000000196,0.4,0.02,-1.0
10.160000000000053,2.0000000000000195,0.4,0.02,-1.0
10.162000000000054,1.9000000000000195,0.4,0.02,-1.0
10.164000000000055,1.8000000000000194,0.4,0.02,-1.0
10.166000000000055,1.7000000000000193,0.4,0.02,-1.0
10.168000000000056,1.6000000000000192,0.4,0.02,-1.0
10.170000000000057,1.500000000000019,0.4,0.02,-1.0
10.172000000000057,1.400000000000019,0.4,0.02,-1.0
10.174000000000058,1.300000000000019,0.4,0.02,-1.0
10.176000000000059,1.2000000000000188,0.4,0.02,-1.0
10.17800000000006,1.1000000000000187,0.4,0.02,-1.0
10.18000000000006,1.0000000000000187,0.4,0.02,-1.0
10.18200000000006,0.9000000000000187,0.4,0.02,-1.0
10.184000000000061,0.8000000000000187,0.4,0.02,-1.0
10.186000000000062,0.7000000000000187,0.4,0.02,-1.0
10.188000000000063,0.6000000000000187,0.4,0.02,-1.0
10.190000000000063,0.5000000000000188,0.4,0.02,-1.0
10.192000000000064,0.4000000000000188,0.4,0.02,-1.0
10.194000000000065,0.3000000000000188,0.4,0.02,-1.0
10.196000000000065,0.2000000000000188,0.4,0.02,-1.0
10.198000000000066,0.1000000000000188,0.4,0.02,-1.0
10.200000000000067,1.8790524691780774e-14,0.4,0.02,-1.0
10.202000000000067,-0.09999999999998122,0.4,0.02,-1.0
10.204000000000068,-0.19999999999998122,0.4,0.02,-1.0
10.206000000000069,-0.2999999999999812,0.4,0.02,-1.0
10.20800000000007,-0.39999999999998126,0.4,0.02,-1.0
10.21000000000007,-0.49999999999998124,0.4,0.02,-1.0
10.21200000000007,-0.5999999999999812,0.4,0.02,-1.0
10.214000000000071,-0.6999999999999812,0.4,0.02,-1.0
10.216000000000072,-0.7999999999999812,0.4,0.02,-1.0
10.218000000000073,-0.8999999999999811,0.4,0.02,-1.0
10.220000000000073,-0.9999999999999811,0.4,0.02,-1.0
10.222000000000074,-1.0999999999999812,0.4,0.02,-1.0
10.224000000000075,-1.1999999999999813,0.4,0.02,-1.0
10.226000000000075,-1.2999999999999814,0.4,0.02,-1.0
10.228000000000076,-1.3999999999999815,0.4,0.02,-1.0
10.230000000000077,-1.4999999999999816,0.4,0.02,-1.0
10.232000000000077,-1.5999999999999817,0.4,0.02,-1.0
10.234000000000078,-1.6999999999999817,0.4,0.02,-1.0
10.236000000000079,-1.7999999999999818,0.4,0.02,-1.0
10.23800000000008,-1.899999999999982,0.4,0.02,-1.0
10.24000000000008,-1.999999999999982,0.4,0.02,-1.0
10.24200000000008,-2.099999999999982,0.4,0.02,-1.0
10.244000000000081,-2.199999999999982,0.4,0.02,-1.0
10.246000000000082,-2.299999999999982,0.4,0.02,-1.0
10.248000000000083,-2.399999999999982,0.4,0.02,-1.0
10.250000000000083,-2.4999999999999822,0.4,0.02,-1.0
10.252000000000084,-2.5999999999999823,0.4,0.02,-1.0
10.254000000000085,-2.6999999999999824,0.4,0.02,-1.0
10.256000000000085,-2.7999999999999825,0.4,0.02,-1.0
10.258000000000086,-2.8999999999999826,0.4,0.02,-1.0
10.260000000000087,-2.9999999999999827,0.4,0.02,-1.0
10.262000000000087,-3.0999999999999828,0.4,0.02,-1.0
10.264000000000088,-3.199999999999983,0.4,0.02,-1.0
10.266000000000089,-3.299999999999983,0.4,0.02,-1.0
10.26800000000009,-3.399999999999983,0.4,0.02,-1.0
10.27000000000009,-3.499999999999983,0.4,0.02,-1.0
10.27200000000009,-3.599999999999983,0.4,0.02,-1.0
10.274000000000092,-3.6999999999999833,0.4,0.02,-1.0
10.276000000000092,-3.7999999999999834,0.4,0.02,-1.0
10.278000000000093,-3.8999999999999835,0.4,0.02,-1.0
10.280000000000094,-3.9999999999999836,0.4,0.02,-1.0
10.282000000000094,-4.099999999999984,0.4,0.02,-1.0
10.284000000000095,-4.199999999999983,0.4,0.02,-1.0
10.286000000000096,-4.299999999999983,0.4,0.02,-1.0
10.288000000000096,-4.399999999999983,0.4,0.02,-1.0
10.290000000000097,-4.499999999999982,0.4,0.02,-1.0
10.292000000000098,-4.599999999999982,0.4,0.02,-1.0
10.294000000000098,-4.6999999999999815,0.4,0.02,-1.0
10.296000000000099,-4.799999999999981,0.4,0.02,-1.0
10.2980000000001,-4.899999999999981,0.4,0.02,-1.0
10.3000000000001,-4.9999999999999805,0.4,0.02,-1.0
10.3020000000001,-5.09999999999998,0.4,0.02,-1.0
10.304000000000102,-5.19999999999998,0.4,0.02,-1.0
10.306000000000102,-5.299999999999979,0.4,0.02,-1.0
10.308000000000103,-5.399999999999979,0.4,0.02,-1.0
10.310000000000104,-5.499999999999979,0.4,0.02,-1.0
10.312000000000104,-5.599999999999978,0.4,0.02,-1.0
10.314000000000105,-5.699999999999978,0.4,0.02,-1.0
10.316000000000106,-5.799999999999978,0.4,0.02,-1.0
10.318000000000106,-5.899999999999977,0.4,0.02,-1.0
10.320000000000107,-5.999999999999977,0.4,0.02,-1.0
10.322000000000108,-6.0999999999999766,0.4,0.02,-1.0
10.324000000000108,-6.199999999999976,0.4,0.02,-1.0
10.326000000000109,-6.299999999999976,0.4,0.02,-1.0
10.32800000000011,-6.3999999999999755,0.4,0.02,-1.0
10.33000000000011,-6.499999999999975,0.4,0.02,-1.0
10.33200000000011,-6.599999999999975,0.4,0.02,-1.0
10.334000000000112,-6.699999999999974,0.4,0.02,-1.0
10.336000000000112,-6.799999999999974,0.4,0.02,-1.0
10.338000000000113,-6.899999999999974,0.4,0.02,-1.0
10.340000000000114,-6.999999999999973,0.4,0.02,-1.0
10.342000000000114,-7.099999999999973,0.4,0.02,-1.0
10.344000000000115,-7.199999999999973,0.4,0.02,-1.0
10.346000000000116,-7.299999999999972,0.4,0.02,-1.0
10.348000000000116,-7.399999999999972,0.4,0.02,-1.0
10.350000000000117,-7.499999999999972,0.4,0.02,-1.0
10.352000000000118,-7.599999999999971,0.4,0.02,-1.0
10.354000000000118,-7.699999999999971,0.4,0.02,-1.0
10.356000000000119,-7.7999999999999705,0.4,0.02,-1.0
10.35800000000012,-7.89999999999997,0.4,0.02,-1.0
10.36000000000012,-7.99999999999997,0.4,0.02,-1.0
10.362000000000121,-8.09999999999997,0.4,0.02,-1.0
10.364000000000122,-8.199999999999969,0.4,0.02,-1.0
10.366000000000122,-8.299999999999969,0.4,0.02,-1.0
10.368000000000123,-8.399999999999968,0.4,0.02,-1.0
10.370000000000124,-8.499999999999968,0.4,0.02,-1.0
10.372000000000124,-8.599999999999968,0.4,0.02,-1.0
10.374000000000125,-8.699999999999967,0.4,0.02,-1.0
10.376000000000126,-8.799999999999967,0.4,0.02,-1.0
10.378000000000126,-8.899999999999967,0.4,0.02,-1.0
10.380000000000127,-8.999999999999966,0.4,0.02,-1.0
10.382000000000128,-9.099999999999966,0.4,0.02,-1.0
10.384000000000128,-9.199999999999966,0.4,0.02,-1.0
10.386000000000129,-9.299999999999965,0.4,0.02,-1.0
10.38800000000013,-9.399999999999965,0.4,0.02,-1.0
10.39000000000013,-9.499999999999964,0.4,0.02,-1.0
10.392000000000131,-9.599999999999964,0.4,0.02,-1.0
10.394000000000132,-9.699999999999964,0.4,0.02,-1.0
10.396000000000132,-9.799999999999963,0.4,0.02,-1.0
10.398000000000133,-9.899999999999963,0.4,0.02,-1.0
10.400000000000134,-9.999999999999963,0.4,0.02,-1.0
10.402000000000134,-10.099999999999962,0.4,0.02,-1.0
10.404000000000135,-10.199999999999962,0.4,0.02,-1.0
10.406000000000136,-10.299999999999962,0.4,0.02,-1.0
10.408000000000136,-10.399999999999961,0.4,0.02,-1.0
10.410000000000137,-10.499999999999961,0.4,0.02,-1.0
10.412000000000138,-10.59999999999996,0.4,0.02,-1.0
10.414000000000138,-10.69999999999996,0.4,0.02,-1.0
10.416000000000139,-10.79999999999996,0.4,0.02,-1.0
10.41800000000014,-10.89999999999996,0.4,0.02,-1.0
10.42000000000014,-10.99999999999996,0.4,0.02,-1.0
10.422000000000141,-11.099999999999959,0.4,0.02,-1.0
10.424000000000142,-11.199999999999958,0.4,0.02,-1.0
10.426000000000142,-11.299999999999958,0.4,0.02,-1.0
10.428000000000143,-11.399999999999958,0.4,0.02,-1.0
10.430000000000144,-11.499999999999957,0.4,0.02,-1.0
10.432000000000144,-11.599999999999957,0.4,0.02,-1.0
10.434000000000145,-11.699999999999957,0.4,0.02,-1.0
10.436000000000146,-11.799999999999956,0.4,0.02,-1.0
10.438000000000146,-11.899999999999956,0.4,0.02,-1.0
10.440000000000147,-11.999999999999956,0.4,0.02,-1.0
10.442000000000148,-12.099999999999955,0.4,0.02,-1.0
10.444000000000148,-12.199999999999955,0.4,0.02,-1.0
10.446000000000149,-12.299999999999955,0.4,0.02,-1.0
10.44800000000015,-12.399999999999954,0.4,0.02,-1.0
10.45000000000015,-12.499999999999954,0.4,0.02,-1.0
10.452000000000151,-12.599999999999953,0.4,0.02,-1.0
10.454000000000152,-12.699999999999953,0.4,0.02,-1.0
10.456000000000152,-12.799999999999953,0.4,0.02,-1.0
10.458000000000153,-12.899999999999952,0.4,0.02,-1.0
10.460000000000154,-12.999999999999952,0.4,0.02,-1.0
10.462000000000154,-13.099999999999952,0.4,0.02,-1.0
10.464000000000155,-13.199999999999951,0.4,0.02,-1.0
10.466000000000156,-13.299999999999951,0.4,0.02,-1.0
10.468000000000156,-13.39999999999995,0.4,0.02,-1.0
10.470000000000157,-13.49999999999995,0.4,0.02,-1.0
10.472000000000158,-13.59999999999995,0.4,0.02,-1.0
10.474000000000158,-13.69999999999995,0.4,0.02,-1.0
10.476000000000159,-13.79999999999995,0.4,0.02,-1.0
10.47800000000016,-13.899999999999949,0.4,0.02,-1.0
10.48000000000016,-13.999999999999948,0.4,0.02,-1.0
10.482000000000161,-14.099999999999948,0.4,0.02,-1.0
10.484000000000162,-14.199999999999948,0.4,0.02,-1.0
10.486000000000162,-14.299999999999947,0.4,0.02,-1.0
10.488000000000163,-14.399999999999947,0.4,0.02,-1.0
10.490000000000164,-14.499999999999947,0.4,0.02,-1.0
