x,y,theta,dx,dy,x_d,y_d,theta_d,v,w,state_cost,min_Traj_cost,t_mppi
0.01,0.01,0.0,0.0,0.0,20.0,0.1,0.0,1.0,1.25794595e-26,999.0204999999999,3235.685,0.05870413780212402
0.11,0.01,1.257945949154207e-27,1.0,1.257945949154207e-27,20.0,0.1,1.257945949154207e-27,1.0,-2.0796216e-26,989.0505,3200.6543,0.0032165050506591797
0.21000000000000002,0.01,-8.216756699854593e-28,1.0,-8.216756699854593e-28,20.0,0.1,-8.216756699854593e-28,1.0066173,-1.0998652e-23,979.1305,3167.759,0.0025703907012939453
0.31066173076629644,0.01,-1.100686890697674e-24,1.0066173076629639,-1.1079704744940116e-24,20.0,0.1,-1.100686890697674e-24,1.0124525,-1.119323e-17,969.1953537007772,3135.459,0.002309560775756836
0.41190697908401497,0.01,-1.1193241212104779e-18,1.012452483177185,-1.1332624859996687e-18,20.0,0.1,-1.1193241212104779e-18,1.0172658,3.6107532e-15,959.2537204901437,3104.1094,0.0023212432861328125
0.5136335587501527,0.01,3.599559982167208e-16,1.017265796661377,3.661709252889737e-16,20.0,0.1,3.599559982167208e-16,1.0201175,-1.2146381e-10,949.3164427066705,3073.6768,0.0023758411407470703
0.6156453108787538,0.010000000000000037,-1.21460211671255e-11,1.0201175212860107,-1.2390369006495484e-11,20.0,0.1,-1.21460211671255e-11,1.0208489,-4.651949e-09,939.403266784142,3044.1738,0.0024003982543945312
0.7177301979064943,0.009999999998760112,-4.773409259866803e-10,1.0208488702774048,-4.872929450306729e-10,20.0,0.1,-4.773409259866803e-10,1.0194789,9.691477e-09,929.5350718018184,3015.5867,0.003517627716064453
0.819678089618683,0.00999999995009621,4.918067694420934e-10,1.0194789171218872,5.013866327440391e-10,20.0,0.1,4.918067694420934e-10,1.015346,-0.0013167349,919.7321214646564,2987.8938,0.0023932456970214844
0.9212126946449282,0.010000000000031617,-0.0001316730020814597,1.0153460414605282,-0.0001336936622032844,20.0,0.1,-0.0001316730020814597,1.0119776,0.0009672248,910.0205626074445,2960.0652,0.0023126602172851562
1.0224104491044175,0.009986674987821026,-3.495051937783353e-05,1.0119775527495298,-3.5369141081706586e-05,20.0,0.1,-3.495051937783353e-05,1.0236858,0.008106819,900.3925189023524,2931.3691,0.002329111099243164
1.1247790303369074,0.009983097152737522,0.0007757314160219373,1.0236855049439566,0.000794105165598018,20.0,0.1,0.0007757314160219373,1.0170227,0.0012801649,890.705174241019,2897.3267,0.002368927001953125
1.2264812726287666,0.010061990792988185,0.0009037479088394881,1.0170223135881253,0.0009191320393852283,20.0,0.1,0.0009037479088394881,1.014447,0.013458528,881.1327356311463,2870.275,0.0026628971099853516
1.3279259285808356,0.010153671213628118,0.002249600671300197,1.0144444068942284,0.002282098668421948,20.0,0.1,0.002249600671300197,1.0198671,0.021678751,871.6360562284005,2837.283,0.002521038055419922
1.4299123767755866,0.010383100382974993,0.004417475804754997,1.0198571116947555,0.004505223420372519,20.0,0.1,0.004417475804754997,1.0182592,0.022543482,862.1404638073238,2804.2544,0.0027952194213867188
1.5317373000241439,0.01083291244364172,0.006671824052998329,1.0182365047498518,0.006793595605972081,20.0,0.1,0.006671824052998329,1.0344505,0.0363278,852.711694812057,2748.4614,0.0023326873779296875
1.6351800507962293,0.011523074516830746,0.010304604217478537,1.0343956099952591,0.010659414657482356,20.0,0.1,0.010304604217478537,1.0294138,0.0335494,843.1860998325393,2723.2864,0.00244903564453125
1.7381159673673658,0.012583825942375547,0.0136595440358608,1.029317785173194,0.014060886132456613,20.0,0.1,0.0136595440358608,1.0194762,0.029393228,833.760125022024,2699.511,0.0023682117462158203
1.8400540741926044,0.01397634060915234,0.016598866812953257,1.0193357342820066,0.016921372191820553,20.0,0.1,0.016598866812953257,0.9975037,0.016022924,824.477590245559,2671.5278,0.003618955612182617
1.939790702565712,0.015632007680460695,0.018201159246334336,0.9973384748247979,0.018154721225710282,20.0,0.1,0.018201159246334336,0.97325444,0.03324685,815.4456945631497,2629.3691,0.0025255680084228516
2.037100026138719,0.017403345783546235,0.02152584411955764,0.9730289663761543,0.020948505534211254,20.0,0.1,0.02152584411955764,1.0033735,-0.0057490794,806.6814941955834,2589.9448,0.0026013851165771484
2.137414131148906,0.019563025152385276,0.020950936179676555,1.003153300490703,0.021020076396558618,20.0,0.1,0.020950936179676555,0.9942346,-0.0019378604,797.6961100725036,2550.1096,0.002624988555908203
2.236815773546457,0.021645887379043806,0.020757150140659413,0.9940204416075277,0.020635995371181815,20.0,0.1,0.020757150140659413,0.9913416,-0.0071000145,788.8421330747315,2524.4224,0.002653360366821289
2.335928576965081,0.023703482240235933,0.020047148692490063,0.9911423933234951,0.019872241145261982,20.0,0.1,0.020047148692490063,0.99943477,-0.006856368,780.0631009917528,2498.191,0.003830432891845703
2.4358519715024713,0.025706929782865727,0.01936151190015813,0.9992474468774564,0.019349359213799516,20.0,0.1,0.01936151190015813,0.99313027,-0.010478729,771.2620385681396,2456.0623,0.003003358840942383
2.5351463841056643,0.02762965999687449,0.018313638961942397,0.9929637286528405,0.018186812495522453,20.0,0.1,0.018313638961942397,0.9904354,-0.0146768605,762.5658732268239,2430.77,0.0028951168060302734
2.634173317640849,0.029443406280089054,0.01684595290857693,0.9902948888729696,0.016684039326399037,20.0,0.1,0.01684595290857693,0.984416,-0.016031554,753.942286486636,2406.0793,0.0035898685455322266
2.732600950590306,0.0311016704167464,0.01524279751169821,0.9843016491866052,0.015004672823261418,20.0,0.1,0.01524279751169821,0.9856357,-0.022308901,745.4195422784353,2377.1335,0.003055572509765625
2.8311530703245325,0.03260399677561508,0.013011907416464293,0.9855522601596743,0.01282463855017095,20.0,0.1,0.013011907416464293,0.9709691,-0.013768523,736.9346177896933,2349.6204,0.003080606460571289
2.9282417588071334,0.03386737710300409,0.01163505511644622,0.9709033594358163,0.011297023880727551,20.0,0.1,0.01163505511644622,0.9720589,-0.026812898,728.6232574238695,2314.8325,0.003152608871459961
3.025441068506672,0.03499834746395123,0.008953765316934788,0.9720199275717966,0.008703470901607594,20.0,0.1,0.008953765316934788,0.98365617,-0.034088418,720.3496903339308,2289.3054,0.004388570785522461
3.1238027423499277,0.03587907834388986,0.00554492352816602,0.9836410461894626,0.005454270279720056,20.0,0.1,0.00554492352816602,0.9933826,-0.033733245,712.0253634292746,2252.4272,0.004518270492553711
3.2231394725307974,0.036429898561497705,0.002171599029631817,0.9933802308108652,0.00215722693633275,20.0,0.1,0.002171599029631817,1.0115525,-0.029403519,703.6677257898779,2225.418,0.003642559051513672
3.324294479318904,0.03664956702138854,-0.00076875285890559,1.0115521541369725,-0.0007776337636138272,20.0,0.1,-0.00076875285890559,1.0054666,-0.029641306,695.2079197245814,2186.339,0.003862619400024414
3.4248411076474183,0.036572271498180944,-0.0037328834616825943,1.0054595751027848,-0.003753280852570386,20.0,0.1,-0.0037328834616825943,1.0030857,-0.02839857,686.8497884586945,2163.0798,0.0038766860961914062
3.5251489820233908,0.0361978321536465,-0.006572740429012573,1.003064065426416,-0.006592974676841398,20.0,0.1,-0.006572740429012573,0.9983275,-0.026418759,678.5619669528669,2140.3667,0.0038144588470458984
3.6249795749647675,0.03554166213029235,-0.00921461628463725,0.9982851103964095,-0.009199074598321815,20.0,0.1,-0.00921461628463725,0.99218667,-0.02497259,670.3636219941048,2118.372,0.003408670425415039
3.7241940292615867,0.034627413127874776,-0.011711875253288545,0.9921186181716478,-0.01162010079943042,20.0,0.1,-0.011711875253288545,0.98505354,0.0074458066,662.2653339305964,2090.8108,0.004044055938720703
3.822692627374148,0.03347375708543517,-0.01096729458954791,0.9849942979863585,-0.010803155778624148,20.0,0.1,-0.01096729458954791,0.9789387,-0.0016281515,654.2742489235276,2049.7515,0.0036470890045166016
3.9205806098967897,0.03240014769885375,-0.011130109740818388,0.9788780642532232,-0.010895470189629596,20.0,0.1,-0.011130109740818388,0.976697,-0.004034873,646.3807441571457,2026.8604,0.004101276397705078
4.0182442630982695,0.031313095632896144,-0.011533597050631887,0.9766320663985908,-0.011264580210980731,20.0,0.1,-0.011533597050631887,0.97377145,-0.007708773,638.5530858120572,2004.723,0.0036842823028564453
4.115614931718524,0.030190011777054333,-0.012304474352324849,0.9736977392914151,-0.011981443530003683,20.0,0.1,-0.012304474352324849,0.9696051,-0.010561899,630.796406079748,1983.2773,0.003573894500732422
4.212568100719687,0.028996993787418567,-0.013360664280528671,0.969518548703856,-0.012954182657756682,20.0,0.1,-0.013360664280528671,0.96069,-0.011181296,623.1201185032621,1961.583,0.004221916198730469
4.30862852848723,0.02771348628862279,-0.014478793865466959,0.9605893259210687,-0.013909146803147096,20.0,0.1,-0.014478793865466959,0.9644955,-0.019860988,615.5609099926735,1931.5736,0.0035490989685058594
4.405067967046647,0.026317061955831233,-0.016464892713750248,0.9643647491758743,-0.01587959710561384,20.0,0.1,-0.016464892713750248,0.931875,0.000835073,608.0183357194834,1909.2301,0.0038268566131591797
4.498242835153331,0.02478280910475257,-0.016381385413162877,0.9317499590312154,-0.015264720640200014,20.0,0.1,-0.016381385413162877,0.94148904,-0.027859835,600.775332059203,1864.0955,0.004519939422607422
4.592379107101752,0.023240588598623848,-0.019167368908577134,0.941316100243977,-0.018044762817044896,20.0,0.1,-0.019167368908577134,0.94719213,-0.034308504,593.5016839662833,1840.9749,0.00360107421875
4.687080921529117,0.021425181660144114,-0.022598219339900187,0.946950286954867,-0.021403033776285742,20.0,0.1,-0.022598219339900187,0.9696607,0.0020355978,586.2291617646869,1835.3083,0.0041904449462890625
4.784022233226627,0.019234107643733647,-0.02239465955940681,0.9694175570359416,-0.021713406190215525,20.0,0.1,-0.02239465955940681,1.0185516,-0.017322661,578.8312563207743,1809.5074,0.004517555236816406
4.885851851860729,0.016953286695578447,-0.024126925694920594,1.0182551486481868,-0.024572134378061487,20.0,0.1,-0.024126925694920594,1.0194467,0.029851532,571.1109275012311,1789.7504,0.002985239028930664
4.987766854928829,0.014493913763504881,-0.02114177253393131,1.019218905730161,-0.021551305324551556,20.0,0.1,-0.02114177253393131,0.9480368,0.06791355,563.4361382318924,1770.432,0.0028595924377441406
5.082549347291732,0.012489745256768308,-0.01435041781810718,0.9479391748321628,-0.013604257099737433,20.0,0.1,-0.01435041781810718,0.9644951,0.06755338,556.3449800516789,1739.8326,0.002838611602783203
5.1789889285648,0.011105701962574741,-0.0075950799539466415,0.9644673040003648,-0.007325347142193275,20.0,0.1,-0.0075950799539466415,0.93718165,0.069622934,549.175678439571,1723.6656,0.003221750259399414
5.272704390659618,0.010393911848396505,-0.0006327865674872904,0.9371814639596661,-0.0005930359208460048,20.0,0.1,-0.0006327865674872904,0.9810469,0.10564332,542.253163039826,1686.7141,0.0030477046966552734
5.370809062523567,0.010331832521547337,0.009931545142851304,0.9809985323818966,0.009743151552025271,20.0,0.1,0.009931545142851304,0.9747863,0.11433202,535.0531696635039,1669.5286,0.002943277359008789
5.468282883290704,0.01129993000257338,0.02136474717112584,0.9745638182684516,0.020824478137012138,20.0,0.1,0.02136474717112584,0.9638303,0.12187107,527.9466751561987,1653.3656,0.0031006336212158203
5.564643916216351,0.013358972402675383,0.033551854078493544,0.9632878382663372,0.03233222631481359,20.0,0.1,0.033551854078493544,0.9508946,0.12757753,520.9675298332318,1637.8813,0.003021717071533203
5.6596798582746155,0.016548801511490265,0.04630960691424413,0.9498751417852223,0.04401981693547039,20.0,0.1,0.04630960691424413,0.94149286,0.1375926,514.1293646742598,1622.9235,0.002956867218017578
5.753728206547505,0.020907259683450783,0.060068866793833206,0.9397947866035203,0.05652040447827378,20.0,0.1,0.060068866793833206,0.96226496,0.19544733,507.40628918622735,1604.4158,0.0029342174530029297
5.8497811487181846,0.026684000755228428,0.0796135993644814,0.9592169913609203,0.07652847306680448,20.0,0.1,0.0796135993644814,0.9565794,0.15425506,500.5851719372913,1571.9945,0.0027725696563720703
5.945136091966071,0.034291631011839234,0.0950391055986504,0.9522625190349496,0.09077565110810853,20.0,0.1,0.0950391055986504,0.9435544,0.14979142,493.85879265777464,1557.0747,0.002786874771118164
6.03906572322886,0.043245594090072344,0.11001824754925771,0.9378497607530121,0.1035989124098302,20.0,0.1,0.11001824754925771,0.93086034,0.16749418,487.27726735728385,1541.7552,0.0028982162475585938
6.1315889679329825,0.05346610906496503,0.12676766533108755,0.9233908696227827,0.11768719382489046,20.0,0.1,0.12676766533108755,0.9223285,0.17062587,480.83747489340925,1522.8412,0.0037403106689453125
6.223081714247671,0.06512696139016395,0.14383025187703177,0.9128047376311225,0.1322018209919309,20.0,0.1,0.14383025187703177,0.95021576,0.17538236,474.5117339527969,1496.8333,0.0030350685119628906
6.317122120769412,0.07874686549063942,0.16136848795863196,0.9378708711297582,0.152670277835424,20.0,0.1,0.16136848795863196,0.9650636,0.17410219,468.0539968841606,1462.0402,0.0031061172485351562
6.412374699600652,0.0942524517310869,0.17877870667429968,0.949682009090871,0.17161520758745497,20.0,0.1,0.17877870667429968,0.9602155,0.16499548,461.558985845909,1447.0164,0.003025531768798828
6.506865821244036,0.11132776041417382,0.1952782543346505,0.941965379498835,0.18631974514356417,20.0,0.1,0.1952782543346505,0.9452462,0.123304136,455.16199571017097,1420.7268,0.0029227733612060547
6.599593881321222,0.1296692715750516,0.20760866794439362,0.9249485833304334,0.1948346322636236,20.0,0.1,0.20760866794439362,0.9440431,0.11930004,448.9294110279986,1403.1538,0.002877473831176758
6.6919710111841955,0.14912793603574587,0.2195386717066388,0.921384197202459,0.20559313115236205,20.0,0.1,0.2195386717066388,0.9314101,0.11260531,442.7651228031523,1389.3307,0.002721071243286133
6.782876450101473,0.16941212788810098,0.2307992028042893,0.9067126964721082,0.21306527741722786,20.0,0.1,0.2307992028042893,0.91974545,0.1076161,436.7429324419505,1376.1926,0.0029213428497314453
6.872412186916187,0.1904518207008395,0.24156081247778938,0.8930413560616741,0.2200200455057252,20.0,0.1,0.24156081247778938,0.9028602,0.10210019,430.85435830523693,1362.1792,0.0034449100494384766
6.960076825339618,0.21204989967472535,0.25177083182784127,0.8743955621214736,0.22491995347140023,20.0,0.1,0.25177083182784127,0.88583565,0.098083235,425.13037895265506,1350.0896,0.002888202667236328
7.045867597622404,0.23411777987222254,0.26157915536018417,0.8557020020385346,0.2290826886433159,20.0,0.1,0.26157915536018417,0.8684206,0.09418022,419.5688346930175,1338.4751,0.0033168792724609375
7.129755534264105,0.25657568463911534,0.270997177247725,0.8367271036355972,0.23246955519737822,20.0,0.1,0.270997177247725,0.86616236,0.09281431,414.16927138206404,1327.2952,0.003079652786254883
7.213210662087929,0.2797621887691331,0.28027860838624047,0.8323633237848848,0.23960077337935273,20.0,0.1,0.28027860838624047,0.9171334,0.05476084,408.83574004163233,1306.3102,0.0035474300384521484
7.301345200496886,0.30513224408127226,0.28575469236525103,0.879942890861229,0.25852304642504426,20.0,0.1,0.28575469236525103,0.95447916,0.039501242,403.24478238626324,1273.7893,0.002913236618041992
7.392922626182329,0.33203725725638,0.28970481659921216,0.9147043335486635,0.2726654453718846,20.0,0.1,0.28970481659921216,0.92830366,0.06848396,397.48060299545125,1256.6506,0.004337787628173828
7.481884587546484,0.3585560480031208,0.29655321296008635,0.8877826542018203,0.27127410886605435,20.0,0.1,0.29655321296008635,0.90909314,0.07182196,391.92516177366304,1241.6437,0.0034890174865722656
7.568825656272778,0.3851220783608463,0.3037354087427478,0.8674802556384748,0.27189767579215346,20.0,0.1,0.3037354087427478,0.90455484,0.079178154,386.5384754092768,1212.1213,0.0032596588134765625
7.655140625703167,0.4121761114891509,0.31165322418960145,0.8609805722084058,0.27736603957103556,20.0,0.1,0.31165322418960145,0.9794418,0.09222415,381.2325172393722,1188.1864,0.003177642822265625
7.748366634680843,0.44220899461080715,0.3208756392792087,0.9294507264446192,0.3089136270254949,20.0,0.1,0.3208756392792087,0.9562148,0.07470241,375.5490677854854,1167.5586,0.002996683120727539
7.839107555429076,0.47236778210801617,0.32834588046821167,0.9051309756281647,0.30835796262186504,20.0,0.1,0.32834588046821167,0.9301348,0.07168138,370.06490703393547,1156.4537,0.0033295154571533203
7.927151978866266,0.5023625560825418,0.33551401849540285,0.8782715664997014,0.30625112554105755,20.0,0.1,0.33551401849540285,0.91189265,0.06354284,364.78888741982496,1146.1285,0.003464937210083008
8.013256639333774,0.5323870384731078,0.3418683027819019,0.8591213933969747,0.3057100605349391,20.0,0.1,0.3418683027819019,0.93272555,0.04487802,359.67243736378845,1134.0007,0.003620624542236328
8.101131508254694,0.563656462915087,0.34635610487016255,0.8773365348906869,0.3166347325013076,20.0,0.1,0.34635610487016255,0.94324857,0.053434834,354.49512174863037,1112.2605,0.003437042236328125
8.18985497391168,0.5956771638635427,0.3516995882585865,0.8855109773829891,0.3249433391776554,20.0,0.1,0.3516995882585865,0.9372141,-0.025098559,349.3130534700362,1099.8927,0.003944873809814453
8.277839560301874,0.6279636131883027,0.3491897324070555,0.880653435150117,0.3206551923541611,20.0,0.1,0.3491897324070555,0.8753301,-0.045288656,344.2194773771865,1068.5061,0.004076242446899414
8.360089973566287,0.6579118550662371,0.34466086681636393,0.8238520086071843,0.2957543495681879,20.0,0.1,0.34466086681636393,0.9168683,-0.117738776,339.4969276537388,1050.1165,0.004953861236572266
8.446384712281771,0.6888907736745716,0.3328869892254692,0.8665349108394054,0.2996077120304195,20.0,0.1,0.3328869892254692,0.89814836,-0.1038431,334.58204639978857,1012.7902,0.003818035125732422
8.53126897347267,0.7182398269725654,0.32250267918857156,0.8518444872312325,0.28466022257261897,20.0,0.1,0.32250267918857156,0.9237755,-0.14971165,329.7850296062142,995.83496,0.004500150680541992
8.61888401559723,0.747518078772904,0.30753151382955135,0.8804353664960174,0.27963320425202215,20.0,0.1,0.30753151382955135,0.902192,-0.15719622,324.87270178191494,973.68054,0.003984928131103516
8.704870464277468,0.7748280518631497,0.2918118914559704,0.8640510977628598,0.25954980088164675,20.0,0.1,0.2918118914559704,0.92731786,-0.12077772,320.08836032083235,945.2835,0.004732370376586914
8.793681938553418,0.8015058727975946,0.2797341195836884,0.8912719757732624,0.25603256529006474,20.0,0.1,0.2797341195836884,0.92372847,-0.122113205,315.1841874596835,916.4408,0.004540205001831055
8.88246414932681,0.8270100261809803,0.2675227990344387,0.8908702306829994,0.2441813077289638,20.0,0.1,0.2675227990344387,0.9239148,-0.122923285,310.3203674229283,899.9801,0.003734111785888672
8.97156914202769,0.8514330823046535,0.2552304705575329,0.8939846951160182,0.2332593071298811,20.0,0.1,0.2552304705575329,0.9273791,-0.1672981,305.47734716564435,882.4956,0.0043451786041259766
9.061302817201796,0.874846475186747,0.23850066121371805,0.901128011711951,0.21908959162496214,20.0,0.1,0.23850066121371805,0.9300789,-0.1382393,300.63870779266676,855.25146,0.003679990768432617
9.151677961176452,0.8968192172712353,0.2246767317846638,0.9067024868240982,0.2072134279001084,20.0,0.1,0.2246767317846638,0.9263504,-0.14223565,295.8025298075936,841.2243,0.003333568572998047
9.241984730131463,0.9174574921515615,0.2104531666234356,0.9059117408624326,0.19351746350285284,20.0,0.1,0.2104531666234356,0.92500454,-0.15061969,291.00782324549834,827.6056,0.004080057144165039
9.33244428641699,0.9367811228016107,0.19539119805844843,0.9074033643373309,0.17958991307057234,20.0,0.1,0.19539119805844843,0.92561054,-0.14766604,286.24236887468663,813.6907,0.003673076629638672
9.42324406978294,0.9547518796253155,0.18062459435018122,0.9105524138255393,0.16628041883668335,20.0,0.1,0.18062459435018122,0.92444384,-0.16559109,281.4959169577619,797.5912,0.0031478404998779297
9.514184539060844,0.9713589624149853,0.1640654852584225,0.9120298736647656,0.15098981644424483,20.0,0.1,0.1640654852584225,0.9237763,-0.17462268,276.7789808056289,784.6995,0.003219127655029297
9.60532167155997,0.9864470415499415,0.14660321678670465,0.9138669629058818,0.1349439858748464,20.0,0.1,0.14660321678670465,0.9530078,-0.16108029,272.08781477303364,765.8154,0.0032982826232910156
9.699600160049359,1.0003684497367085,0.13049518819602549,0.9449049434458291,0.12401027226105285,20.0,0.1,0.13049518819602549,0.9380581,-0.15764812,267.2722505203412,744.09314,0.0035233497619628906
9.792608391393697,1.0125749432803541,0.1147303765610081,0.9318909904970861,0.10738780225738626,20.0,0.1,0.1147303765610081,0.9320009,-0.16580874,262.55909119637374,731.22235,0.00425267219543457
9.885195752356768,1.023244381349856,0.09814950283320964,0.9275153444663292,0.09132862454886208,20.0,0.1,0.09814950283320964,0.92706925,-0.16745645,257.9041128895891,718.898,0.003639698028564453
9.977456497425772,1.0323289177915183,0.08140385802539409,0.9239992895893562,0.07538369281957472,20.0,0.1,0.08140385802539409,0.9213686,-0.16718382,253.30153867985797,706.63385,0.0036339759826660156
10.069288249351075,1.0398209328354877,0.06468547638209879,0.9194416707216101,0.05955761286020215,20.0,0.1,0.06468547638209879,0.9138172,-0.1703765,248.75574815068103,695.14734,0.005278110504150391
10.160478858493974,1.0457278817684812,0.04764782692941248,0.9127800964602284,0.04352493148811235,20.0,0.1,0.04764782692941248,0.9136986,-0.25436488,244.27644380124585,679.4872,0.005048274993896484
10.251745020277614,1.0500798099647912,0.022211339135490057,0.9134732392340831,0.020292801125344415,20.0,0.1,0.022211339135490057,0.9426674,-0.19541605,239.82781698746257,652.0867,0.00422978401184082
10.34598851075506,1.052173428395497,0.00266973431857645,0.9426640652585622,0.002516668585081867,20.0,0.1,0.00266973431857645,0.90754503,-0.26044697,235.26643018053934,652.9764,0.004589080810546875
10.436742690341442,1.052415718518933,-0.0233749622508663,0.9072971051586567,-0.021211899039249135,20.0,0.1,-0.0233749622508663,0.9279614,-0.23654786,230.90746517904947,633.2721,0.0047147274017333984
10.529513481016092,1.0502468097520103,-0.047029748003162744,0.9269353670073942,-0.04362570520672176,20.0,0.1,-0.047029748003162744,0.92767733,-0.23133872,226.4827097642495,621.706,0.0035524368286132812
10.622178641553237,1.0458855747399312,-0.07016362045256079,0.9253948229993285,-0.06503580849495375,20.0,0.1,-0.07016362045256079,0.92422146,-0.22259478,222.09558237860347,610.77527,0.003353118896484375
10.714373386426574,1.0394062216867233,-0.09242309872356833,0.9202769018032105,-0.0852978536205883,20.0,0.1,-0.09242309872356833,0.9215979,-0.1714379,217.763364140117,598.46295,0.004340410232543945
10.806139840530518,1.0309006495550082,-0.10956688914743841,0.9160715831231853,-0.10077470021820074,20.0,0.1,-0.10956688914743841,0.9740263,-0.14761019,213.48410162805536,582.54236,0.0038139820098876953
10.902958402840884,1.0202498862608123,-0.12432790790049017,0.9665080430864236,-0.12078691696025329,20.0,0.1,-0.12432790790049017,0.9579949,-0.15485239,209.00756418401576,558.88477,0.0033788681030273438
10.998018437035537,1.0083699970672966,-0.13981314692942085,0.9486468150297385,-0.13350433389144148,20.0,0.1,-0.13981314692942085,0.9552218,-0.1565653,204.6520202788104,549.29944,0.003755807876586914
11.09260851391093,0.9950582091543273,-0.1554696762963909,0.9437007594174786,-0.14791048221186318,20.0,0.1,-0.1554696762963909,0.9464272,-0.15786555,200.3568807105665,539.775,0.00350189208984375
11.18610974241843,0.9804033393156268,-0.17125623170582238,0.9325823747410442,-0.16129044783388005,20.0,0.1,-0.17125623170582238,0.9363888,-0.15681273,196.14942878142352,530.475,0.00481724739074707
11.278378821115048,0.9644453698887123,-0.18693750445095483,0.9200750332371405,-0.17402844706817983,20.0,0.1,-0.18693750445095483,0.92822134,-0.13054384,192.0348544637414,519.5677,0.0038895606994628906
11.369583809189526,0.9471943176743843,-0.19999188874212687,0.9097202127821465,-0.184401734461302,20.0,0.1,-0.19999188874212687,0.9154993,-0.06178401,188.00455459625834,509.32794,0.00457763671875
11.459308986209926,0.9290068815429952,-0.2061702897801775,0.8961109594306459,-0.1874144360123641,20.0,0.1,-0.2061702897801775,0.94588536,-0.12440731,184.07663850670042,506.3979,0.0038597583770751953
11.551894333932447,0.9096433969836171,-0.218611020411529,0.9233729333390264,-0.20513785778107305,20.0,0.1,-0.218611020411529,0.9279668,-0.10751247,180.06502943830466,500.2627,0.0031740665435791016
11.642482415502798,0.8895182186045625,-0.22936226707247678,0.903664795255812,-0.2109793130944182,20.0,0.1,-0.22936226707247678,0.8748586,-0.12171997,176.1785979817212,499.6269,0.003798246383666992
11.727677161293746,0.869627735938211,-0.24153426420239393,0.849463338283452,-0.20925973817436147,20.0,0.1,-0.24153426420239393,0.8723377,-0.26305726,172.55912999926616,503.13104,0.005079984664916992
11.812378720927148,0.8487620606429562,-0.26783999037293377,0.8412343151641613,-0.23086335347137005,20.0,0.1,-0.26783999037293377,0.82822746,-0.14622201,168.99446708246214,491.88086,0.004174470901489258
11.892248404569852,0.826843098620046,-0.28246219139841977,0.7954065332769574,-0.23084447785267412,20.0,0.1,-0.28246219139841977,0.91649264,-0.13914864,165.65984205802926,487.04126,0.0037550926208496094
11.980265799452072,0.801298513915882,-0.2963770551636595,0.8765343595894952,-0.2676682226472107,20.0,0.1,-0.2963770551636595,0.91219324,-0.23053378,162.01989063264685,488.309,0.004427194595336914
12.067508040206837,0.7746572587647154,-0.31943043303040447,0.8660494245574134,-0.2864522630701053,20.0,0.1,-0.31943043303040447,0.75550187,-0.27669576,158.44897777246774,490.0542,0.004342317581176758
12.13923647764884,0.7509325466996453,-0.3471000088408369,0.71044612395035,-0.25700072958672715,20.0,0.1,-0.3471000088408369,0.78124,-0.35258755,155.53829083669876,487.0406,0.0038776397705078125
12.212701408042093,0.7243569344560011,-0.3823587639286894,0.7248244119730183,-0.2914884014656271,20.0,0.1,-0.3823587639286894,0.9211876,-0.3082953,152.57960235478222,474.35977,0.00372314453125
12.298168006952814,0.6899865105524018,-0.41318829488305037,0.843665296361487,-0.36988569123877746,20.0,0.1,-0.41318829488305037,0.9052722,-0.21193855,149.16575032939747,467.0246,0.004389047622680664
12.381076932757926,0.6536369943834345,-0.4343821493938345,0.8211997732356661,-0.38098380913793944,20.0,0.1,-0.4343821493938345,0.85425586,-0.21228155,145.88625656525824,468.89722,0.00356292724609375
12.458569064459503,0.6176856358028556,-0.45561030488757076,0.7671154832776443,-0.37588149895956446,20.0,0.1,-0.45561030488757076,0.8246385,-0.086933225,142.85294743260954,463.55215,0.004124641418457031
12.532620994789585,0.5814006810860103,-0.4643036274269003,0.737336993111517,-0.3692733283500771,20.0,0.1,-0.4643036274269003,0.7709949,-0.07639547,139.98373955801839,466.35098,0.003658771514892578
12.60155824089275,0.5468755093482159,-0.47194317411927167,0.6867148033597987,-0.3505080843971522,20.0,0.1,-0.47194317411927167,0.8410001,0.044719983,137.341595459393,460.59073,0.0033597946166992188
12.676464988446606,0.5086421401750651,-0.46747117583004416,0.7507697752538186,-0.37898005133261814,20.0,0.1,-0.46747117583004416,0.7853227,0.02239648,134.5028836604381,463.89154,0.0038094520568847656
12.746571588942297,0.47325312488655036,-0.46523152776358306,0.7018568354099184,-0.3523191255150446,20.0,0.1,-0.46523152776358306,0.7399197,0.029724523,131.8788540239416,466.96722,0.003228902816772461
12.812699525592231,0.44005812608168426,-0.46225907542107286,0.6622631492100997,-0.3299829030747004,20.0,0.1,-0.46225907542107286,0.6711858,0.103889085,129.4323190963408,469.4899,0.004948139190673828
12.87277382861651,0.4101251712799797,-0.45187016688583076,0.6038202629691731,-0.2930724428007545,20.0,0.1,-0.45187016688583076,0.61800885,0.18245861,127.23382629978802,472.77148,0.003184795379638672
12.928371886898578,0.38313989146247174,-0.43362430595157325,0.5608114626798427,-0.25966409933496665,20.0,0.1,-0.43362430595157325,0.5707971,0.17063393,125.2202309203594,475.527,0.004673480987548828
12.980168806557748,0.3591571425590273,-0.4165609132528085,0.521985864673116,-0.23095469295054114,20.0,0.1,-0.4165609132528085,0.42184868,-0.0068900846,123.3629810224106,468.29718,0.0041351318359375
13.018746272325943,0.3420883915366543,-0.4172499217122573,0.3856569609828782,-0.1709532716898167,20.0,0.1,-0.4172499217122573,0.63519716,0.011712639,121.99127599869928,422.288,0.004317522048950195
13.07681643263137,0.31634716320133727,-0.41607865784613074,0.5810027023711878,-0.2567319521373599,20.0,0.1,-0.41607865784613074,0.82483095,0.08685833,119.94319200627075,401.22772,0.0042877197265625
13.152262142836312,0.28300941041248784,-0.40739282463041726,0.7573242679065509,-0.3268119461917649,20.0,0.1,-0.40739282463041726,0.77051103,0.052427772,117.31251551183065,373.63406,0.004283428192138672
13.22300714859426,0.25248046264878615,-0.4021500473871607,0.7090408922569216,-0.3015762958732087,20.0,0.1,-0.4021500473871607,0.86234653,-0.07851483,114.87720599873523,353.57236,0.0038564205169677734
13.302362138765487,0.2187284121588382,-0.41000153031495995,0.7908754330801118,-0.34374058108621586,20.0,0.1,-0.41000153031495995,0.8413479,-0.17190112,112.18112339023946,338.61642,0.003460407257080078
13.379523852818778,0.18519138304290128,-0.4271916424885172,0.7657383679244629,-0.3485842733757453,20.0,0.1,-0.4271916424885172,0.93255585,-0.101674095,109.59490496785071,304.69647,0.0035681724548339844
13.464398827918025,0.14655405890966142,-0.4373590519681353,0.8447775338289738,-0.3949827081852108,20.0,0.1,-0.4373590519681353,0.86115706,0.04225947,106.79062490230064,288.83978,0.004347801208496094
13.542408754480231,0.11007987390238347,-0.4331331050053019,0.7816336750069649,-0.3614419448731925,20.0,0.1,-0.4331331050053019,0.87466925,0.063933976,104.25146574517862,268.19843,0.0036864280700683594
13.621798563297,0.07336855014629215,-0.4267397074058432,0.796228947621219,-0.3620300630593888,20.0,0.1,-0.4267397074058432,0.9186497,0.081082314,101.7054070032038,254.94315,0.0040895938873291016
13.705425083782714,0.035345171851230844,-0.4186314759805579,0.8393207052683312,-0.37344072656788846,20.0,0.1,-0.4186314759805579,0.8624721,0.043040615,99.064634056687,237.80534,0.003950357437133789
13.784224513683169,0.00028477578277780885,-0.4143274145230431,0.7894960165752235,-0.34720914781035705,20.0,0.1,-0.4143274145230431,0.90659773,0.13987748,96.61452005559481,225.26765,0.004136085510253906
13.86721331821009,-0.0362125231175865,-0.4003396661981721,0.8349118436881837,-0.35332939822808246,20.0,0.1,-0.4003396661981721,0.9389332,0.1625306,94.07406583948436,212.58377,0.0034368038177490234
13.953682367808756,-0.07280567662357612,-0.3840866060957093,0.8705235347168089,-0.35182995566762526,20.0,0.1,-0.3840866060957093,0.9557513,0.16063021,91.46954677805014,202.47218,0.00457000732421875
14.042293996991717,-0.10861886756415037,-0.36802358497230003,0.8917544091817605,-0.34385261506250636,20.0,0.1,-0.36802358497230003,0.9522959,0.1497603,88.8444566254617,196.66101,0.004518032073974609
14.131147035146505,-0.14287981341560518,-0.35304755438415003,0.8935614808874701,-0.3292648779803837,20.0,0.1,-0.35304755438415003,0.9320961,0.15016733,86.25606431708616,191.25314,0.0041201114654541016
14.218607791110191,-0.17510787578894507,-0.33803082127419903,0.8793483687184533,-0.309111032220036,20.0,0.1,-0.33803082127419903,0.9461056,0.12558895,83.75045054083222,182.47119,0.004596233367919922
14.307864295275492,-0.20648357524591587,-0.3254719259246965,0.8964349899630637,-0.3025229148219246,20.0,0.1,-0.3254719259246965,0.9467524,0.13250975,81.23585265723774,173.44156,0.0036525726318359375
14.397569081372405,-0.23675654949096822,-0.31222095061389404,0.9009804534957963,-0.2908167537332981,20.0,0.1,-0.31222095061389404,0.93708223,0.12569305,78.75159292904877,168.01218,0.0035142898559570312
14.486746858753317,-0.265541182523175,-0.29965164531318145,0.895325263033792,-0.2766148606154657,20.0,0.1,-0.29965164531318145,0.93581796,0.13071205,76.32395138896713,162.56346,0.0034165382385253906
14.576158591328907,-0.29316534880658585,-0.2865804405912538,0.8976516525196947,-0.2645312065350539,20.0,0.1,-0.2865804405912538,0.9363382,0.13704206,73.93158654479357,155.93866,0.004282951354980469
14.665973657816787,-0.31963317497988397,-0.27287623454181154,0.901693419389568,-0.2523453516230824,20.0,0.1,-0.27287623454181154,0.9335013,0.14733377,71.5698225516203,148.15167,0.00411224365234375
14.755869807993237,-0.3447912554738009,-0.2581428574427744,0.9025704344339412,-0.23830924017811347,20.0,0.1,-0.2581428574427744,0.9332856,0.12557977,69.24685182915712,140.58421,0.003004312515258789
14.84610599525205,-0.3686166727507405,-0.24558488000480136,0.9052826329133121,-0.22690384414614115,20.0,0.1,-0.24558488000480136,0.9294563,0.10441595,66.9555624953921,136.01266,0.003718137741088867
14.936262818206798,-0.39121395779817647,-0.23514328468886814,0.9038785565758013,-0.21654689248137016,20.0,0.1,-0.23514328468886814,0.97028923,0.059271175,64.70681349652678,132.59071,0.003989458084106445
15.03062159925351,-0.41381998231921757,-0.22921616714743576,0.9449111138545951,-0.22046355127508133,20.0,0.1,-0.22921616714743576,0.96823645,0.07668477,62.39683166009064,126.38995,0.0036983489990234375
15.124912801341495,-0.4358196952673626,-0.22154768985060652,0.9445713232467647,-0.2127600324300074,20.0,0.1,-0.22154768985060652,0.98309153,0.056789882,60.13394485090111,122.39226,0.0033254623413085938
15.220819134329018,-0.45742212381297037,-0.21586870160249672,0.9602746573696019,-0.21057432187202368,20.0,0.1,-0.21586870160249672,0.97063017,0.030464917,57.8782229272795,112.95671,0.0041010379791259766
15.31562938560526,-0.47821263850144297,-0.21282220986036263,0.9487314933764286,-0.2050158000820792,20.0,0.1,-0.21282220986036263,0.95668805,0.011111134,55.694144770819406,109.771805,0.004589557647705078
15.409139777933552,-0.4984197340105698,-0.21171109648717246,0.9353278697503277,-0.2010318240949218,20.0,0.1,-0.21171109648717246,0.94109035,-0.0027753739,53.585259391513205,106.66233,0.0030736923217773438
15.501147620118966,-0.5181951570935032,-0.21198863387403688,0.9200235022269411,-0.19800957937075964,20.0,0.1,-0.21198863387403688,0.9236728,-0.013137815,51.55459497053777,103.6087,0.0034127235412597656
15.591447205510434,-0.5376296420576799,-0.21330241533292135,0.9027397480329331,-0.19553102078912415,20.0,0.1,-0.21330241533292135,0.9109948,-0.0202909,49.60477325558091,100.697495,0.0035822391510009766
15.680482115431825,-0.5569143659891694,-0.2153315053351005,0.8899559622023883,-0.19465343953507752,20.0,0.1,-0.2153315053351005,0.9023561,-0.029041344,47.72442809836817,97.58158,0.004306793212890625
15.768633788331515,-0.5761951248800159,-0.21823563976509175,0.8809530732746448,-0.19536681532447198,20.0,0.1,-0.21823563976509175,0.8961166,0.009402911,45.90424966040301,93.65709,0.0031540393829345703
15.856119947706278,-0.595596717156076,-0.21729534864721498,0.8750436384163813,-0.193193212526519,20.0,0.1,-0.21729534864721498,0.8954248,0.0092609115,44.13899170179034,88.4439,0.003833770751953125
15.943556755338864,-0.6149011232656655,-0.21636925749776562,0.8745464777481448,-0.19223423389318042,20.0,0.1,-0.21636925749776562,0.9118983,0.13212611,42.41453853300869,80.600075,0.004060506820678711
16.03262034553009,-0.6344782086051104,-0.20315664671657283,0.8931447313444143,-0.18398648234465959,20.0,0.1,-0.20315664671657283,0.9208245,0.095777445,40.698898904043865,72.97832,0.0029294490814208984
16.12280908280028,-0.6530569539473926,-0.19357890226242738,0.9036254040622028,-0.17714101733335472,20.0,0.1,-0.19357890226242738,0.9133096,0.081218846,38.99926046076132,69.541,0.0032372474670410156
16.212434164245458,-0.6706264888834539,-0.1854570176481982,0.8976482156838207,-0.16841038884835846,20.0,0.1,-0.1854570176481982,0.9046205,0.08151457,37.3488003638596,66.70117,0.004533529281616211
16.301344981128622,-0.6873073054689494,-0.17730556093452174,0.8904383445302698,-0.15955517750693454,20.0,0.1,-0.17730556093452174,0.9181437,0.098021954,35.74975435466802,63.006554,0.0035483837127685547
16.39171993079341,-0.7035013420628616,-0.1675033655047198,0.9052934251932934,-0.15307399881632622,20.0,0.1,-0.1675033655047198,0.89472497,0.1256557,34.163248661325824,57.504326,0.0034704208374023438
16.479940177515527,-0.7184183022069542,-0.15493779592511853,0.8840071727832938,-0.13807274036850076,20.0,0.1,-0.15493779592511853,0.89777905,0.16922776,32.651574178141836,53.13548,0.003576040267944336
16.568642644588216,-0.7322727064281461,-0.13801501952407558,0.8892420984794128,-0.12351400083587676,20.0,0.1,-0.13801501952407558,0.89086086,0.16199912,31.16722789600945,48.95158,0.0030930042266845703
16.656881613729244,-0.7445289279080765,-0.1218151073932429,0.8842593182899576,-0.1082521224780271,20.0,0.1,-0.1218151073932429,0.9058223,0.14173003,29.72417413673788,45.799446,0.004351615905761719
16.746792600860005,-0.7555359424678122,-0.10764210485217768,0.9005795411463606,-0.09731643079791387,20.0,0.1,-0.10764210485217768,0.90545833,0.12915997,28.28825032668375,43.090126,0.002989053726196289
16.836814371023898,-0.7652636755176977,-0.09472610764501291,0.901399012976905,-0.085642330522441,20.0,0.1,-0.09472610764501291,0.9080953,0.12055376,26.886061378828334,40.25553,0.003937244415283203
16.92721678703407,-0.7738528502122661,-0.08267073147294718,0.904993901273718,-0.0749874182669832,20.0,0.1,-0.08267073147294718,0.91207296,0.113454476,25.51403869427332,37.933064,0.004136800765991211
17.01811258431721,-0.7813844381710232,-0.07132528387305934,0.9097539473297114,-0.06499871852455037,20.0,0.1,-0.07132528387305934,0.91652006,0.10281761,24.17122771914362,35.575485,0.0034656524658203125
17.109531558597947,-0.7879160022214107,-0.06104352288243968,0.9148129695998372,-0.05591287329949116,20.0,0.1,-0.06104352288243968,0.92090976,0.08846899,22.858006594355164,33.227776,0.0038335323333740234
17.201451008269117,-0.7935340692077928,-0.05219662376043994,0.9196555435970739,-0.048046556407059036,20.0,0.1,-0.05219662376043994,0.9175827,0.09107793,21.57569897988244,32.260246,0.003490447998046875
17.293084308587524,-0.7983213665422851,-0.043088830637909956,0.9167310087763405,-0.03952533173980692,20.0,0.1,-0.043088830637909956,0.9121716,0.11960249,20.335934595003703,28.316803,0.0041882991790771484
17.384216802864923,-0.8022505911829988,-0.031128581988789622,0.9117296959848885,-0.028390023055223288,20.0,0.1,-0.031128581988789622,0.91299313,0.1282079,19.140944659260686,26.200485,0.003017425537109375
17.47547188574582,-0.805092150384486,-0.018307791280724586,0.9128401310038602,-0.01671395400056085,20.0,0.1,-0.018307791280724586,0.9041749,0.13531615,17.98108500086846,23.938503,0.003090381622314453
17.56587422570721,-0.8067474024930847,-0.004776176440693915,0.904164610959875,-0.004318482550967467,20.0,0.1,-0.004776176440693915,0.9016703,0.1456322,16.867897842511095,21.936787,0.004205942153930664
17.656040224982164,-0.8071780544892363,0.00978704429867071,0.9016270936623568,0.008824546065038753,20.0,0.1,0.00978704429867071,0.8888636,0.1508473,15.792798623621355,20.051456,0.0038661956787109375
17.744922330285323,-0.8063081336116156,0.024871774387381494,0.8885887095021682,0.02210533625226856,20.0,0.1,0.024871774387381494,0.88558716,0.15399767,14.766924323740866,18.414846,0.003875255584716797
17.833453655839964,-0.804105748301835,0.040271541845820366,0.8848691315347511,0.03565432103425321,20.0,0.1,0.040271541845820366,0.8766927,0.15452564,13.778325663764093,16.89359,0.00410151481628418
17.921051845793897,-0.8005761258126654,0.05572410560848516,0.8753319219250313,0.048827638394598805,20.0,0.1,0.05572410560848516,0.87385905,0.15969212,12.832656965651775,15.411104,0.003905773162841797
18.00830211138217,-0.795709144144034,0.07169331796171469,0.8716142216858903,0.06259619903483883,20.0,0.1,0.07169331796171469,0.8634795,0.16122235,11.922888376069885,14.108373,0.0035953521728515625
18.094428244633978,-0.7895238749676049,0.08781555331947608,0.8601522421775663,0.07572950974460048,20.0,0.1,0.08781555331947608,0.8495706,0.15855467,11.056141097465316,12.937404,0.003354787826538086
18.17905793612149,-0.7820729090432922,0.1036710206389646,0.8450092033716353,0.08791816459040386,20.0,0.1,0.1036710206389646,0.83838266,0.15151924,10.234706542175543,11.858156,0.0044176578521728516
18.262446072177124,-0.7733968711476413,0.11882294453384681,0.8324711044546713,0.09938484335126446,20.0,0.1,0.11882294453384681,0.8222881,0.14677031,9.45478936655799,10.869278,0.0031180381774902344
18.344095074593287,-0.763649177478162,0.1334999758720617,0.8149714628489847,0.10944965730708762,20.0,0.1,0.1334999758720617,0.80337435,0.14408317,8.71977755936229,9.992406,0.0034775733947753906
18.42371767554258,-0.7529559608625342,0.1479082930803518,0.7946027035585503,0.11839294678894205,20.0,0.1,0.1479082930803518,0.78943276,0.13615464,8.03049959391954,9.189904,0.0032193660736083984
18.50179900942374,-0.7413221227620571,0.16152375675442027,0.7791570139486558,0.12695840490301596,20.0,0.1,0.16152375675442027,0.76694983,0.13417876,7.381072806031364,8.436346,0.003247976303100586
18.577495682845765,-0.7289878579834844,0.17494163252117442,0.7552436466635941,0.1334881255135998,20.0,0.1,0.17494163252117442,0.7416758,0.13057058,6.7768485025162075,7.760488,0.003482818603515625
18.650531220204854,-0.7160789417403449,0.18799869008066464,0.7286076397863438,0.13861417977730253,20.0,0.1,0.18799869008066464,0.715371,0.12509236,6.217627066984601,7.1468363,0.0031027793884277344
18.72080785445057,-0.7027091423016022,0.20050792582037258,0.7010389422795367,0.1424783745043077,20.0,0.1,0.20050792582037258,0.6918243,0.1182949,5.701686280924823,6.6083956,0.00299835205078125
18.788604253635896,-0.6889302775758271,0.21233741603495884,0.6762866248982924,0.14579878787692815,20.0,0.1,0.21233741603495884,0.6651941,0.10946261,5.224726592962292,6.1147738,0.003227710723876953
18.85362970270088,-0.6749116184662327,0.22328367717268277,0.6486810456966818,0.14729590587392866,20.0,0.1,0.22328367717268277,0.6374837,0.10343718,4.786632187409081,5.67945,0.003580808639526367
18.91579555882228,-0.6607956270208596,0.23362739495637228,0.6201652128287979,0.1475825090458401,20.0,0.1,0.23362739495637228,0.61012906,0.09740528,4.3857731409088965,5.280691,0.0040743350982666016
18.975150928665947,-0.6466706580195902,0.24336792267563154,0.592149716336173,0.14702442415985081,20.0,0.1,0.24336792267563154,0.58385986,0.08899739,4.019581726404196,4.9239516,0.003874540328979492
19.03181639087799,-0.6326012314512127,0.25226766131522466,0.5653800555669699,0.14573170531435226,20.0,0.1,0.25226766131522466,0.5604149,0.082799494,3.685210163240892,4.5982256,0.0040967464447021484
19.08608410721808,-0.6186132480268123,0.26054761074187566,0.5415003764759129,0.14436832748722522,20.0,0.1,0.26054761074187566,0.53539234,0.07603269,3.3791181482975414,4.3046055,0.0034797191619873047
19.137816341764356,-0.604821020905517,0.26815087981226254,0.5162587423747776,0.1418515877008003,20.0,0.1,0.26815087981226254,0.50939417,0.07168945,3.1003333300972313,4.0417795,0.0036783218383789062
19.18693530955193,-0.591324680805123,0.27531982473733235,0.4902095189837065,0.13848121446599104,20.0,0.1,0.27531982473733235,0.48760244,0.066839546,2.847510012859299,3.7985282,0.0038890838623046875
19.233859160159117,-0.5780689777478348,0.28200377933385185,0.4683420258606096,0.13569041509129376,20.0,0.1,0.28200377933385185,0.46317777,0.061585315,2.6168733126402186,3.5810103,0.0044536590576171875
19.278347373589316,-0.5651796280553292,0.2881623107910376,0.4440799080552582,0.13163085592788004,20.0,0.1,0.2881623107910376,0.44113773,0.057296336,2.4081161269631606,3.3891354,0.0034601688385009766
19.32064223650912,-0.5526429000780001,0.293891944360755,0.4222233821454681,0.12778854936141237,20.0,0.1,0.293891944360755,0.4185681,0.053500704,2.2186743145938843,3.2139862,0.0031228065490722656
19.360704382250262,-0.5405178409148812,0.29924201480748464,0.39996702776797577,0.12339219913678119,20.0,0.1,0.29924201480748464,0.3972953,0.049616534,2.047404978510701,3.0570257,0.0033655166625976562
19.39866834009934,-0.5288057348618501,0.3042036682337742,0.37905379378896487,0.11900325117666462,20.0,0.1,0.3042036682337742,0.37777174,0.046724595,1.8924910434850817,2.9180796,0.003589153289794922
19.434711004279603,-0.5174902058029117,0.3088761277467232,0.3598939958244016,0.11483812815883689,20.0,0.1,0.3088761277467232,0.35918093,0.04308382,1.7521145073627444,2.7865796,0.0032112598419189453
19.4689293025533,-0.5065715315040236,0.3131845097959261,0.3417093901667686,0.11065998007925659,20.0,0.1,0.3131845097959261,0.3406192,0.039054215,1.6249127712941551,2.6711242,0.0032300949096679688
19.501334358743307,-0.4960774011826312,0.3170899312913637,0.32363825166277704,0.10620605372887668,20.0,0.1,0.3170899312913637,0.32381138,0.03610226,1.5099392249264707,2.5688024,0.0034837722778320312
19.53210119384216,-0.4859808686349866,0.32070015743078994,0.30730183909175446,0.10207541740976453,20.0,0.1,0.32070015743078994,0.3085763,0.031358637,1.405757178025365,2.4760518,0.004038572311401367
19.56138554436022,-0.47625358450437455,0.3238360211223583,0.2925370314515501,0.09819067884354864,20.0,0.1,0.3238360211223583,0.29328176,0.028297717,1.311127085875801,2.3906512,0.003252744674682617
19.58918929354506,-0.46692119676081634,0.3266657927975278,0.27777229372903667,0.0941102853543571,20.0,0.1,0.3266657927975278,0.2786846,0.026168955,1.225412699686805,2.3119702,0.0033388137817382812
19.61558399867737,-0.45797857257573915,0.3292826883465271,0.263712128682949,0.0901166567245499,20.0,0.1,0.3292826883465271,0.26505113,0.025008857,1.1477893738163507,2.2433414,0.0038118362426757812
19.64066511195502,-0.44940776437362945,0.33178357407154846,0.2505960025412463,0.08633506332145122,20.0,0.1,0.33178357407154846,0.25011835,0.021834819,1.0774261333008202,2.1807373,0.003766298294067383
19.664312873146294,-0.4412606633059532,0.33396705593617965,0.23629915786549852,0.08198716063324339,20.0,0.1,0.33396705593617965,0.23660018,0.0206897,1.014122381944242,2.1251264,0.003389120101928711
19.686665660670336,-0.4335050640144085,0.3360360259160619,0.2233669359131314,0.07801829905458167,20.0,0.1,0.3360360259160619,0.22397792,0.018807566,0.9570151538304382,2.0753658,0.0046634674072265625
19.707810726330084,-0.4261194496242261,0.3379167824954014,0.21131137727449073,0.07425370025736217,20.0,0.1,0.3379167824954014,0.21290964,0.0162645,0.9054406173016285,2.0297346,0.0040132999420166016
19.727897629693373,-0.4190610180306505,0.3395432325050454,0.20075396613881885,0.07091092587368175,20.0,0.1,0.0,0.2016579,0.0111853015,1.0892393143937003,2.9382138,0.0032525062561035156
19.746912092674222,-0.41234467164459526,0.3406617626518231,0.19006938651916297,0.06737610430246689,20.0,0.1,0.0,0.19106396,0.0051161908,1.0484772515589684,2.8384578,0.003608226776123047
19.764920515692527,-0.4059610166550959,0.34117338172795586,0.18005154661888517,0.0639286760637081,20.0,0.1,0.0,0.18245418,-0.0017892821,1.0109458385916932,2.744656,0.0052530765533447266
19.78211431757346,-0.39985622604712434,0.3409944535203498,0.17194893924935772,0.061017140541121125,20.0,0.1,0.0,0.1741127,-0.009164414,0.9758804779746673,2.6574092,0.004262685775756836
19.79852309194984,-0.3940334713584251,0.3400780120834928,0.1641410369872893,0.058077145648741356,20.0,0.1,0.0,0.16408986,-0.015626753,0.9429611468550926,2.578812,0.005162477493286133
19.813992312975902,-0.388560079578447,0.33851533680858426,0.154777552690283,0.05449211737712764,20.0,0.1,0.0,0.15616879,-0.023458263,0.9124097939836417,2.5130882,0.004857301712036133
19.828722914326548,-0.38337391631457063,0.3361695105180364,0.14742726647117177,0.051515935941800775,20.0,0.1,0.0,0.14893964,-0.028605245,0.8834853372290639,2.44936,0.004041910171508789
19.842783191083768,-0.3784607931584101,0.33330898601265957,0.14074273322465963,0.04872883343746331,20.0,0.1,0.0,0.14169462,-0.034188174,0.856294399302519,2.3939233,0.003359079360961914
