scenario_name,case_name,terrain_risk_weight,metric,count,mean_delta,median_delta,std_delta,bootstrap_ci95_low,bootstrap_ci95_high,pct_improved,wilcoxon_p,wilcoxon_method
low_friction_patch,low_friction_patch_risk_w_0,0.0,final_distance,50,-0.0003836679458618,-0.0002371519804,0.0077546754787568,-0.0024210279285907,0.0017356686890125,0.5,0.6947463342363385,scipy
low_friction_patch,low_friction_patch_risk_w_0,0.0,steps,50,-11.7,-11.5,9.25040539652182,-14.18,-9.04,0.88,1.814797201404872e-10,scipy
low_friction_patch,low_friction_patch_risk_w_0,0.0,cumulative_terrain_risk,50,-4.994666595458984,-4.912693023681641,6.130280302594271,-6.671908287048339,-3.230293395996094,0.84,1.206143563692308e-06,scipy
low_friction_patch,low_friction_patch_risk_w_0,0.0,max_terrain_risk,50,0.005131276845932,0.004898190498352,0.0029162754964709,0.0043779175579547,0.0059236482679843,0.04,3.3750779948604765e-14,scipy
low_friction_patch,low_friction_patch_risk_w_0,0.0,terrain_risk_excess,50,-1.4513748931884765,-1.5107917785644531,3.757522389513251,-2.472368907928467,-0.3588438682556157,0.7,0.002356807144249,scipy
low_friction_patch,low_friction_patch_risk_w_0,0.0,terrain_risk_exposure_ratio,50,0.0001551359280419,0.0003054103201834,0.0168171435137288,-0.0046722572257538,0.004707393371096,0.5,0.8858855663449852,scipy
low_friction_patch,low_friction_patch_risk_w_0,0.0,control_smoothness,50,3.097698328979084e-05,1.8719239350363688e-05,0.0001299291657554,-6.04308962372652e-06,6.730030496173816e-05,0.34,0.0788579074195627,scipy
low_friction_patch,low_friction_patch_risk_w_0,0.0,control_jerk,50,0.0001739770863752,0.0001523000681459,0.0003508299361752,8.084859559631364e-05,0.0002696258523674,0.34,0.0021981232450851,scipy
low_friction_patch,low_friction_patch_risk_w_0,0.0,mean_mppi_time_ms,50,22.99233210061336,22.96936883859053,0.935913594761842,22.73681654871518,23.262767672018484,0.0,1.7763568394002505e-15,scipy
low_friction_patch,low_friction_patch_risk_w_10,10.0,final_distance,50,-0.0127106165885925,0.0027570128440856,0.0600418476863591,-0.0326836992204189,0.0022567400187253,0.38,0.1406841997467243,scipy
low_friction_patch,low_friction_patch_risk_w_10,10.0,steps,50,-17.78,-8.0,43.18994790457613,-31.7805,-7.219000000000006,0.76,3.046102392545436e-08,scipy
low_friction_patch,low_friction_patch_risk_w_10,10.0,cumulative_terrain_risk,50,-9.126318588256837,-4.732353210449219,20.31597292717864,-15.69662477493286,-4.049455045700075,0.9,3.40367733997482e-11,scipy
low_friction_patch,low_friction_patch_risk_w_10,10.0,max_terrain_risk,50,-0.0458927822113037,-0.0321120470762252,0.1144922111024348,-0.080961411640048,-0.0158290346115827,0.62,0.0059421591149764,scipy
low_friction_patch,low_friction_patch_risk_w_10,10.0,terrain_risk_excess,50,-3.7317850017547607,-2.147500514984131,7.427162383679743,-6.144212174415588,-1.8800887577533727,0.9,3.6148861681795097e-12,scipy
low_friction_patch,low_friction_patch_risk_w_10,10.0,terrain_risk_exposure_ratio,50,-0.0203765659530603,-0.0118341612110386,0.0382908402816007,-0.0313921467517955,-0.0105017359287812,0.74,4.348820593236269e-05,scipy
low_friction_patch,low_friction_patch_risk_w_10,10.0,control_smoothness,50,0.0001881359842246,0.0001127140141043,0.0003407807694577,0.0001015331331022,0.0002936017307103,0.22,6.354784893858323e-07,scipy
low_friction_patch,low_friction_patch_risk_w_10,10.0,control_jerk,50,0.0003192673631573,0.0003134980693782,0.0004851001891772,0.000189734971428,0.0004576199947367,0.2,1.603124333549033e-05,scipy
low_friction_patch,low_friction_patch_risk_w_10,10.0,mean_mppi_time_ms,50,21.57361423554031,21.09795459913221,1.3272280961451093,21.22593521034634,21.970983249328693,0.0,1.7763568394002505e-15,scipy
safe_corridor,safe_corridor_risk_w_0,0.0,final_distance,50,0.0006869596242904,0.0004751533269882,0.0088545819195688,-0.0017019827961921,0.0031049501299858,0.4,0.4490067617286915,scipy
safe_corridor,safe_corridor_risk_w_0,0.0,steps,50,-7.92,-8.5,6.999542842214769,-9.94,-5.98,0.86,1.5961560961841315e-09,scipy
safe_corridor,safe_corridor_risk_w_0,0.0,cumulative_terrain_risk,50,-2.441202774047852,-2.487079620361328,2.139392843570398,-3.055655794143677,-1.850784284591675,0.86,1.192391962945294e-09,scipy
safe_corridor,safe_corridor_risk_w_0,0.0,max_terrain_risk,50,0.0002882093191146,0.0002764165401458,0.0008416676956425,6.118835508823395e-05,0.0005148890316486,0.4,0.0212236716368483,scipy
safe_corridor,safe_corridor_risk_w_0,0.0,terrain_risk_excess,50,-0.0679045939445495,-0.0897643566131591,0.1644376025230916,-0.1147260447740554,-0.020260794699192,0.66,0.0046061023278625,scipy
safe_corridor,safe_corridor_risk_w_0,0.0,terrain_risk_exposure_ratio,50,-0.0062460994232146,-0.0068462447668514,0.0186869770775184,-0.0112855393354506,-0.0009649544107754,0.72,0.0134783872918795,scipy
safe_corridor,safe_corridor_risk_w_0,0.0,control_smoothness,50,0.0001322992318958,0.0001201960357868,0.0001253479643908,9.63943412146228e-05,0.0001679664336709,0.1,1.192391962945294e-09,scipy
safe_corridor,safe_corridor_risk_w_0,0.0,control_jerk,50,0.0002133268016075,0.000150700083146,0.0004426401443787,9.827257373264245e-05,0.000336241929672,0.34,0.0027993607498171,scipy
safe_corridor,safe_corridor_risk_w_0,0.0,mean_mppi_time_ms,50,28.511160622038407,28.487031479371097,0.8867884956658023,28.281568532768027,28.7631535072666,0.0,1.7763568394002505e-15,scipy
safe_corridor,safe_corridor_risk_w_0_5,0.5,final_distance,50,-0.0019215768575668,-0.0022554993629455,0.0093850411223776,-0.0044784084111452,0.0006531888842582,0.56,0.2186624017585945,scipy
safe_corridor,safe_corridor_risk_w_0_5,0.5,steps,50,-7.58,-7.5,8.59788346048026,-10.02,-5.199000000000006,0.84,1.6198182883897516e-07,scipy
safe_corridor,safe_corridor_risk_w_0_5,0.5,cumulative_terrain_risk,50,-2.2375151824951174,-2.3570728302001958,2.5399862896790126,-2.968577959060669,-1.5138645591735842,0.84,1.867326027138461e-07,scipy
safe_corridor,safe_corridor_risk_w_0_5,0.5,max_terrain_risk,50,0.0004009610414505,0.0003721565008163,0.0006919414450208,0.000214048191905,0.0005963879972696,0.28,0.0001558140810278,scipy
safe_corridor,safe_corridor_risk_w_0_5,0.5,terrain_risk_excess,50,0.0040404319763183,-0.0156192183494567,0.1550114453420352,-0.036928051829338,0.0458104856610298,0.54,0.8707939059443142,scipy
safe_corridor,safe_corridor_risk_w_0_5,0.5,terrain_risk_exposure_ratio,50,0.0032938412676985,0.0013851307821156,0.0210386606444735,-0.0023588623496794,0.0091340171568899,0.46,0.5148117870350184,scipy
safe_corridor,safe_corridor_risk_w_0_5,0.5,control_smoothness,50,0.0001451241393147,0.0001581410645624,0.0001237162686899,0.0001131364983593,0.000178603265099,0.14,3.881979182551731e-10,scipy
safe_corridor,safe_corridor_risk_w_0_5,0.5,control_jerk,50,0.0004033564564631,0.0004853529618467,0.0004586073625218,0.000271429871507,0.0005360978678279,0.22,3.992023653864863e-07,scipy
safe_corridor,safe_corridor_risk_w_0_5,0.5,mean_mppi_time_ms,50,27.93742895234971,27.465117486789985,1.7789015310785798,27.48814593053763,28.4233142967197,0.0,1.7763568394002505e-15,scipy
risk_band,risk_band_risk_w_0,0.0,final_distance,50,0.0001317727565765,0.0003755092620849,0.0095956861400419,-0.0025798210948705,0.0027772545814514,0.5,0.9618478594751584,scipy
risk_band,risk_band_risk_w_0,0.0,steps,50,-10.28,-10.0,7.639476421849864,-12.38,-8.14,0.92,1.1727507853720454e-11,scipy
risk_band,risk_band_risk_w_0,0.0,cumulative_terrain_risk,50,-4.581627807617188,-4.750728607177734,3.5940215519538232,-5.528442035675049,-3.602150184631348,0.9,1.2871659293978155e-10,scipy
risk_band,risk_band_risk_w_0,0.0,max_terrain_risk,50,5.203008651733398e-05,9.685754776000977e-05,0.0007859590559461,-0.0001617922782897,0.0002654421925544,0.44,0.4723763440876976,scipy
risk_band,risk_band_risk_w_0,0.0,terrain_risk_excess,50,-1.51803955078125,-1.4114198684692385,2.0912829949352667,-2.0733163719177248,-0.9402950019836426,0.76,1.2965142769161275e-05,scipy
risk_band,risk_band_risk_w_0,0.0,terrain_risk_exposure_ratio,50,-0.0040386695410357,-0.0025383160669463,0.013097306481166,-0.0075957216232893,-0.0004940812603982,0.58,0.0506052036932089,scipy
risk_band,risk_band_risk_w_0,0.0,control_smoothness,50,5.964679367127523e-05,6.060639547077174e-05,0.0001229652098462,2.45091029199148e-05,9.382529317688932e-05,0.3,0.0020490947242954,scipy
risk_band,risk_band_risk_w_0,0.0,control_jerk,50,0.0001535341894779,0.0001500981918557,0.0003838328129516,4.982821193450595e-05,0.0002666986225352,0.38,0.0140785347324836,scipy
risk_band,risk_band_risk_w_0,0.0,mean_mppi_time_ms,50,21.717233160968973,21.84064419282413,0.8149446003820232,21.49251803396165,21.94884382649913,0.0,1.7763568394002505e-15,scipy
risk_band,risk_band_risk_w_5,5.0,final_distance,50,-0.0002051818370819,0.0011517852544784,0.0081314246744923,-0.0023555775433778,0.0019922820031642,0.46,0.8109402812359416,scipy
risk_band,risk_band_risk_w_5,5.0,steps,50,-10.04,-11.0,7.4133932851292865,-12.2,-7.88,0.88,1.687538997430238e-11,scipy
risk_band,risk_band_risk_w_5,5.0,cumulative_terrain_risk,50,-3.351105346679688,-3.4566421508789062,3.842591494394555,-4.442758052825927,-2.30988431930542,0.78,1.6198182883897516e-07,scipy
risk_band,risk_band_risk_w_5,5.0,max_terrain_risk,50,0.0001816940307617,0.000166893005371,0.0010048115103782,-9.848329424858092e-05,0.0004587188363075,0.42,0.2114848826132309,scipy
risk_band,risk_band_risk_w_5,5.0,terrain_risk_excess,50,-0.368572769165039,-0.2391128540039062,2.1871500343035923,-0.9771094827651976,0.2266541919708251,0.58,0.2999546071877397,scipy
risk_band,risk_band_risk_w_5,5.0,terrain_risk_exposure_ratio,50,0.0005059728978628,0.0030583066992246,0.0152034880812957,-0.0037305449014414,0.0046331942533613,0.46,0.766732668436843,scipy
risk_band,risk_band_risk_w_5,5.0,control_smoothness,50,4.374655258566456e-05,2.41635556078321e-05,0.0001416026588937,4.911563703912752e-06,8.330440747827574e-05,0.44,0.0607014014983064,scipy
risk_band,risk_band_risk_w_5,5.0,control_jerk,50,0.0001627959282292,0.0002513843999512,0.0003827239424725,5.546552241205761e-05,0.0002684762519245,0.3,0.0088488846968406,scipy
risk_band,risk_band_risk_w_5,5.0,mean_mppi_time_ms,50,21.08403923740075,21.06197688942667,1.1172674313803028,20.770503542138908,21.41682478339756,0.0,1.7763568394002505e-15,scipy
two_obstacle_standard,b2_omni_oracle_risk_w_0,0.0,final_distance,50,-0.0055570495128631,-0.0012227147817611,0.0194333928254857,-0.0111661248356103,-0.0008563299626111,0.6,0.0970938496783961,scipy
two_obstacle_standard,b2_omni_oracle_risk_w_0,0.0,steps,50,-29.62,-18.5,54.28955332289998,-44.861,-15.659000000000006,0.86,8.840622456318671e-09,scipy
two_obstacle_standard,b2_omni_oracle_risk_w_0,0.0,cumulative_terrain_risk,50,-10.573721618652344,-8.651165008544922,15.380755605462053,-14.86211796951294,-6.417582473754884,0.86,1.4492140820721031e-09,scipy
two_obstacle_standard,b2_omni_oracle_risk_w_0,0.0,max_terrain_risk,50,0.0029690253734588,0.0038017034530639,0.0040312941242132,0.0018469995558261,0.0040842584073543,0.3,9.372738659862987e-06,scipy
two_obstacle_standard,b2_omni_oracle_risk_w_0,0.0,terrain_risk_excess,50,-3.19303939819336,-3.0821666717529297,3.12609405388392,-4.040854415893555,-2.347901078224183,0.88,1.314969466648108e-09,scipy
two_obstacle_standard,b2_omni_oracle_risk_w_0,0.0,terrain_risk_exposure_ratio,50,0.0171737891582503,-0.0047699986867253,0.0868933129365579,-0.0046771597082763,0.0442359195483837,0.54,0.9389922173111832,scipy
two_obstacle_standard,b2_omni_oracle_risk_w_0,0.0,control_smoothness,50,9.101839064645132e-05,4.278163242697015e-05,0.0002741135579507,1.8212532128516745e-05,0.0001744090163322,0.44,0.0634660952786099,scipy
two_obstacle_standard,b2_omni_oracle_risk_w_0,0.0,control_jerk,50,7.425015810536658e-05,0.0001318525440461,0.0005137953146346,-6.70545155234508e-05,0.0002151971567338,0.38,0.2186624017585945,scipy
two_obstacle_standard,b2_omni_oracle_risk_w_0,0.0,mean_mppi_time_ms,50,18.49128696368928,18.333457778439595,1.0374666754901216,18.2014826090998,18.78635843182248,0.0,1.7763568394002505e-15,scipy
two_obstacle_standard,b2_omni_oracle_risk_w_3,3.0,final_distance,50,-0.0071035039424896,-0.007515862584114,0.0188620018836611,-0.0127536785155534,-0.0025026720613241,0.64,0.0035436448551049,scipy
two_obstacle_standard,b2_omni_oracle_risk_w_3,3.0,steps,50,-19.76,-18.0,38.74509517345389,-31.241,-9.439500000000002,0.88,1.2841054282120012e-06,scipy
two_obstacle_standard,b2_omni_oracle_risk_w_3,3.0,cumulative_terrain_risk,50,-7.633391723632813,-8.30194091796875,10.148932011211,-10.286770809173584,-4.7360228881835935,0.9,2.0039570713947802e-07,scipy
two_obstacle_standard,b2_omni_oracle_risk_w_3,3.0,max_terrain_risk,50,0.0033513748645782,0.0031614005565643,0.0034634196326112,0.0023842689692974,0.0042654094099998,0.14,9.772863407420118e-09,scipy
two_obstacle_standard,b2_omni_oracle_risk_w_3,3.0,terrain_risk_excess,50,-2.762782554626465,-2.7365541458129883,2.806452509048152,-3.5321336755752566,-1.9488260412216187,0.92,8.970399534291573e-09,scipy
two_obstacle_standard,b2_omni_oracle_risk_w_3,3.0,terrain_risk_exposure_ratio,50,0.0139011636248305,0.0001358393852741,0.0743176434295007,-0.0029099570026531,0.0383849343020344,0.5,0.8482444441392172,scipy
two_obstacle_standard,b2_omni_oracle_risk_w_3,3.0,control_smoothness,50,9.9581795630762e-05,6.573834833261912e-05,0.0002836759090102,3.1602349453800214e-05,0.000188712422289,0.36,0.0091169606332766,scipy
two_obstacle_standard,b2_omni_oracle_risk_w_3,3.0,control_jerk,50,9.45225669430634e-05,-1.5630352361174294e-05,0.0003579565428841,-4.504367681782946e-06,0.0001934551740035,0.52,0.187683904173415,scipy
two_obstacle_standard,b2_omni_oracle_risk_w_3,3.0,mean_mppi_time_ms,50,17.65389115013652,17.5648593808976,1.176718303257691,17.339362870978732,17.98732791711626,0.0,1.7763568394002505e-15,scipy
