x0,y0,r0,dx0,dy0,x1,y1,r1,dx1,dy1,x2,y2,r2,dx2,dy2,x3,y3,r3,dx3,dy3
9.0,6.0,0.4,-0.2,-1.1,18.0,2.0,0.4,-1.1,0.0,21.0,-1.0,0.4,-1.1,0.0,26.0,1.6,0.4,-1.1,0.0
8.98,5.89,0.4,-0.2,-1.1,17.89,2.0,0.4,-1.1,0.0,20.89,-1.0,0.4,-1.1,0.0,25.89,1.6,0.4,-1.1,0.0
8.96,5.779999999999999,0.4,-0.2,-1.1,17.78,2.0,0.4,-1.1,0.0,20.78,-1.0,0.4,-1.1,0.0,25.78,1.6,0.4,-1.1,0.0
8.940000000000001,5.669999999999999,0.4,-0.2,-1.1,17.67,2.0,0.4,-1.1,0.0,20.67,-1.0,0.4,-1.1,0.0,25.67,1.6,0.4,-1.1,0.0
8.920000000000002,5.559999999999999,0.4,-0.2,-1.1,17.560000000000002,2.0,0.4,-1.1,0.0,20.560000000000002,-1.0,0.4,-1.1,0.0,25.560000000000002,1.6,0.4,-1.1,0.0
8.900000000000002,5.449999999999998,0.4,-0.2,-1.1,17.450000000000003,2.0,0.4,-1.1,0.0,20.450000000000003,-1.0,0.4,-1.1,0.0,25.450000000000003,1.6,0.4,-1.1,0.0
8.880000000000003,5.339999999999998,0.4,-0.2,-1.1,17.340000000000003,2.0,0.4,-1.1,0.0,20.340000000000003,-1.0,0.4,-1.1,0.0,25.340000000000003,1.6,0.4,-1.1,0.0
8.860000000000003,5.229999999999998,0.4,-0.2,-1.1,17.230000000000004,2.0,0.4,-1.1,0.0,20.230000000000004,-1.0,0.4,-1.1,0.0,25.230000000000004,1.6,0.4,-1.1,0.0
8.840000000000003,5.119999999999997,0.4,-0.2,-1.1,17.120000000000005,2.0,0.4,-1.1,0.0,20.120000000000005,-1.0,0.4,-1.1,0.0,25.120000000000005,1.6,0.4,-1.1,0.0
8.820000000000004,5.009999999999997,0.4,-0.2,-1.1,17.010000000000005,2.0,0.4,-1.1,0.0,20.010000000000005,-1.0,0.4,-1.1,0.0,25.010000000000005,1.6,0.4,-1.1,0.0
8.800000000000004,4.899999999999997,0.4,-0.2,-1.1,16.900000000000006,2.0,0.4,-1.1,0.0,19.900000000000006,-1.0,0.4,-1.1,0.0,24.900000000000006,1.6,0.4,-1.1,0.0
8.780000000000005,4.7899999999999965,0.4,-0.2,-1.1,16.790000000000006,2.0,0.4,-1.1,0.0,19.790000000000006,-1.0,0.4,-1.1,0.0,24.790000000000006,1.6,0.4,-1.1,0.0
8.760000000000005,4.679999999999996,0.4,-0.2,-1.1,16.680000000000007,2.0,0.4,-1.1,0.0,19.680000000000007,-1.0,0.4,-1.1,0.0,24.680000000000007,1.6,0.4,-1.1,0.0
8.740000000000006,4.569999999999996,0.4,-0.2,-1.1,16.570000000000007,2.0,0.4,-1.1,0.0,19.570000000000007,-1.0,0.4,-1.1,0.0,24.570000000000007,1.6,0.4,-1.1,0.0
8.720000000000006,4.4599999999999955,0.4,-0.2,-1.1,16.460000000000008,2.0,0.4,-1.1,0.0,19.460000000000008,-1.0,0.4,-1.1,0.0,24.460000000000008,1.6,0.4,-1.1,0.0
8.700000000000006,4.349999999999995,0.4,-0.2,-1.1,16.35000000000001,2.0,0.4,-1.1,0.0,19.35000000000001,-1.0,0.4,-1.1,0.0,24.35000000000001,1.6,0.4,-1.1,0.0
8.680000000000007,4.239999999999995,0.4,-0.2,-1.1,16.24000000000001,2.0,0.4,-1.1,0.0,19.24000000000001,-1.0,0.4,-1.1,0.0,24.24000000000001,1.6,0.4,-1.1,0.0
8.660000000000007,4.129999999999995,0.4,-0.2,-1.1,16.13000000000001,2.0,0.4,-1.1,0.0,19.13000000000001,-1.0,0.4,-1.1,0.0,24.13000000000001,1.6,0.4,-1.1,0.0
8.640000000000008,4.019999999999994,0.4,-0.2,-1.1,16.02000000000001,2.0,0.4,-1.1,0.0,19.02000000000001,-1.0,0.4,-1.1,0.0,24.02000000000001,1.6,0.4,-1.1,0.0
8.620000000000008,3.9099999999999944,0.4,-0.2,-1.1,15.91000000000001,2.0,0.4,-1.1,0.0,18.91000000000001,-1.0,0.4,-1.1,0.0,23.91000000000001,1.6,0.4,-1.1,0.0
8.600000000000009,3.7999999999999945,0.4,-0.2,-1.1,15.800000000000011,2.0,0.4,-1.1,0.0,18.80000000000001,-1.0,0.4,-1.1,0.0,23.80000000000001,1.6,0.4,-1.1,0.0
8.580000000000009,3.6899999999999946,0.4,-0.2,-1.1,15.690000000000012,2.0,0.4,-1.1,0.0,18.690000000000012,-1.0,0.4,-1.1,0.0,23.690000000000012,1.6,0.4,-1.1,0.0
8.56000000000001,3.5799999999999947,0.4,-0.2,-1.1,15.580000000000013,2.0,0.4,-1.1,0.0,18.580000000000013,-1.0,0.4,-1.1,0.0,23.580000000000013,1.6,0.4,-1.1,0.0
8.54000000000001,3.469999999999995,0.4,-0.2,-1.1,15.470000000000013,2.0,0.4,-1.1,0.0,18.470000000000013,-1.0,0.4,-1.1,0.0,23.470000000000013,1.6,0.4,-1.1,0.0
8.52000000000001,3.359999999999995,0.4,-0.2,-1.1,15.360000000000014,2.0,0.4,-1.1,0.0,18.360000000000014,-1.0,0.4,-1.1,0.0,23.360000000000014,1.6,0.4,-1.1,0.0
8.50000000000001,3.249999999999995,0.4,-0.2,-1.1,15.250000000000014,2.0,0.4,-1.1,0.0,18.250000000000014,-1.0,0.4,-1.1,0.0,23.250000000000014,1.6,0.4,-1.1,0.0
8.480000000000011,3.1399999999999952,0.4,-0.2,-1.1,15.140000000000015,2.0,0.4,-1.1,0.0,18.140000000000015,-1.0,0.4,-1.1,0.0,23.140000000000015,1.6,0.4,-1.1,0.0
8.460000000000012,3.0299999999999954,0.4,-0.2,-1.1,15.030000000000015,2.0,0.4,-1.1,0.0,18.030000000000015,-1.0,0.4,-1.1,0.0,23.030000000000015,1.6,0.4,-1.1,0.0
8.440000000000012,2.9199999999999955,0.4,-0.2,-1.1,14.920000000000016,2.0,0.4,-1.1,0.0,17.920000000000016,-1.0,0.4,-1.1,0.0,22.920000000000016,1.6,0.4,-1.1,0.0
8.420000000000012,2.8099999999999956,0.4,-0.2,-1.1,14.810000000000016,2.0,0.4,-1.1,0.0,17.810000000000016,-1.0,0.4,-1.1,0.0,22.810000000000016,1.6,0.4,-1.1,0.0
8.400000000000013,2.6999999999999957,0.4,-0.2,-1.1,14.700000000000017,2.0,0.4,-1.1,0.0,17.700000000000017,-1.0,0.4,-1.1,0.0,22.700000000000017,1.6,0.4,-1.1,0.0
8.380000000000013,2.589999999999996,0.4,-0.2,-1.1,14.590000000000018,2.0,0.4,-1.1,0.0,17.590000000000018,-1.0,0.4,-1.1,0.0,22.590000000000018,1.6,0.4,-1.1,0.0
8.360000000000014,2.479999999999996,0.4,-0.2,-1.1,14.480000000000018,2.0,0.4,-1.1,0.0,17.480000000000018,-1.0,0.4,-1.1,0.0,22.480000000000018,1.6,0.4,-1.1,0.0
8.340000000000014,2.369999999999996,0.4,-0.2,-1.1,14.370000000000019,2.0,0.4,-1.1,0.0,17.37000000000002,-1.0,0.4,-1.1,0.0,22.37000000000002,1.6,0.4,-1.1,0.0
8.320000000000014,2.2599999999999962,0.4,-0.2,-1.1,14.26000000000002,2.0,0.4,-1.1,0.0,17.26000000000002,-1.0,0.4,-1.1,0.0,22.26000000000002,1.6,0.4,-1.1,0.0
8.300000000000015,2.1499999999999964,0.4,-0.2,-1.1,14.15000000000002,2.0,0.4,-1.1,0.0,17.15000000000002,-1.0,0.4,-1.1,0.0,22.15000000000002,1.6,0.4,-1.1,0.0
8.280000000000015,2.0399999999999965,0.4,-0.2,-1.1,14.04000000000002,2.0,0.4,-1.1,0.0,17.04000000000002,-1.0,0.4,-1.1,0.0,22.04000000000002,1.6,0.4,-1.1,0.0
8.260000000000016,1.9299999999999964,0.4,-0.2,-1.1,13.930000000000021,2.0,0.4,-1.1,0.0,16.93000000000002,-1.0,0.4,-1.1,0.0,21.93000000000002,1.6,0.4,-1.1,0.0
8.240000000000016,1.8199999999999963,0.4,-0.2,-1.1,13.820000000000022,2.0,0.4,-1.1,0.0,16.82000000000002,-1.0,0.4,-1.1,0.0,21.82000000000002,1.6,0.4,-1.1,0.0
8.220000000000017,1.7099999999999962,0.4,-0.2,-1.1,13.710000000000022,2.0,0.4,-1.1,0.0,16.710000000000022,-1.0,0.4,-1.1,0.0,21.710000000000022,1.6,0.4,-1.1,0.0
8.200000000000017,1.599999999999996,0.4,-0.2,-1.1,13.600000000000023,2.0,0.4,-1.1,0.0,16.600000000000023,-1.0,0.4,-1.1,0.0,21.600000000000023,1.6,0.4,-1.1,0.0
8.180000000000017,1.489999999999996,0.4,-0.2,-1.1,13.490000000000023,2.0,0.4,-1.1,0.0,16.490000000000023,-1.0,0.4,-1.1,0.0,21.490000000000023,1.6,0.4,-1.1,0.0
8.160000000000018,1.379999999999996,0.4,-0.2,-1.1,13.380000000000024,2.0,0.4,-1.1,0.0,16.380000000000024,-1.0,0.4,-1.1,0.0,21.380000000000024,1.6,0.4,-1.1,0.0
8.140000000000018,1.2699999999999958,0.4,-0.2,-1.1,13.270000000000024,2.0,0.4,-1.1,0.0,16.270000000000024,-1.0,0.4,-1.1,0.0,21.270000000000024,1.6,0.4,-1.1,0.0
8.120000000000019,1.1599999999999957,0.4,-0.2,-1.1,13.160000000000025,2.0,0.4,-1.1,0.0,16.160000000000025,-1.0,0.4,-1.1,0.0,21.160000000000025,1.6,0.4,-1.1,0.0
8.10000000000002,1.0499999999999956,0.4,-0.2,-1.1,13.050000000000026,2.0,0.4,-1.1,0.0,16.050000000000026,-1.0,0.4,-1.1,0.0,21.050000000000026,1.6,0.4,-1.1,0.0
8.08000000000002,0.9399999999999956,0.4,-0.2,-1.1,12.940000000000026,2.0,0.4,-1.1,0.0,15.940000000000026,-1.0,0.4,-1.1,0.0,20.940000000000026,1.6,0.4,-1.1,0.0
8.06000000000002,0.8299999999999956,0.4,-0.2,-1.1,12.830000000000027,2.0,0.4,-1.1,0.0,15.830000000000027,-1.0,0.4,-1.1,0.0,20.830000000000027,1.6,0.4,-1.1,0.0
8.04000000000002,0.7199999999999956,0.4,-0.2,-1.1,12.720000000000027,2.0,0.4,-1.1,0.0,15.720000000000027,-1.0,0.4,-1.1,0.0,20.720000000000027,1.6,0.4,-1.1,0.0
8.020000000000021,0.6099999999999957,0.4,-0.2,-1.1,12.610000000000028,2.0,0.4,-1.1,0.0,15.610000000000028,-1.0,0.4,-1.1,0.0,20.610000000000028,1.6,0.4,-1.1,0.0
8.000000000000021,0.49999999999999567,0.4,-0.2,-1.1,12.500000000000028,2.0,0.4,-1.1,0.0,15.500000000000028,-1.0,0.4,-1.1,0.0,20.50000000000003,1.6,0.4,-1.1,0.0
7.980000000000022,0.3899999999999957,0.4,-0.2,-1.1,12.390000000000029,2.0,0.4,-1.1,0.0,15.390000000000029,-1.0,0.4,-1.1,0.0,20.39000000000003,1.6,0.4,-1.1,0.0
7.960000000000022,0.2799999999999957,0.4,-0.2,-1.1,12.28000000000003,2.0,0.4,-1.1,0.0,15.28000000000003,-1.0,0.4,-1.1,0.0,20.28000000000003,1.6,0.4,-1.1,0.0
7.940000000000023,0.16999999999999568,0.4,-0.2,-1.1,12.17000000000003,2.0,0.4,-1.1,0.0,15.17000000000003,-1.0,0.4,-1.1,0.0,20.17000000000003,1.6,0.4,-1.1,0.0
7.920000000000023,0.05999999999999567,0.4,-0.2,-1.1,12.06000000000003,2.0,0.4,-1.1,0.0,15.06000000000003,-1.0,0.4,-1.1,0.0,20.06000000000003,1.6,0.4,-1.1,0.0
7.9000000000000234,-0.050000000000004347,0.4,-0.2,-1.1,11.950000000000031,2.0,0.4,-1.1,0.0,14.950000000000031,-1.0,0.4,-1.1,0.0,19.95000000000003,1.6,0.4,-1.1,0.0
7.880000000000024,-0.16000000000000436,0.4,-0.2,-1.1,11.840000000000032,2.0,0.4,-1.1,0.0,14.840000000000032,-1.0,0.4,-1.1,0.0,19.840000000000032,1.6,0.4,-1.1,0.0
7.860000000000024,-0.27000000000000435,0.4,-0.2,-1.1,11.730000000000032,2.0,0.4,-1.1,0.0,14.730000000000032,-1.0,0.4,-1.1,0.0,19.730000000000032,1.6,0.4,-1.1,0.0
7.840000000000025,-0.38000000000000433,0.4,-0.2,-1.1,11.620000000000033,2.0,0.4,-1.1,0.0,14.620000000000033,-1.0,0.4,-1.1,0.0,19.620000000000033,1.6,0.4,-1.1,0.0
7.820000000000025,-0.4900000000000043,0.4,-0.2,-1.1,11.510000000000034,2.0,0.4,-1.1,0.0,14.510000000000034,-1.0,0.4,-1.1,0.0,19.510000000000034,1.6,0.4,-1.1,0.0
7.800000000000026,-0.6000000000000043,0.4,-0.2,-1.1,11.400000000000034,2.0,0.4,-1.1,0.0,14.400000000000034,-1.0,0.4,-1.1,0.0,19.400000000000034,1.6,0.4,-1.1,0.0
7.780000000000026,-0.7100000000000043,0.4,-0.2,-1.1,11.290000000000035,2.0,0.4,-1.1,0.0,14.290000000000035,-1.0,0.4,-1.1,0.0,19.290000000000035,1.6,0.4,-1.1,0.0
7.760000000000026,-0.8200000000000043,0.4,-0.2,-1.1,11.180000000000035,2.0,0.4,-1.1,0.0,14.180000000000035,-1.0,0.4,-1.1,0.0,19.180000000000035,1.6,0.4,-1.1,0.0
7.740000000000027,-0.9300000000000043,0.4,-0.2,-1.1,11.070000000000036,2.0,0.4,-1.1,0.0,14.070000000000036,-1.0,0.4,-1.1,0.0,19.070000000000036,1.6,0.4,-1.1,0.0
7.720000000000027,-1.0400000000000043,0.4,-0.2,-1.1,10.960000000000036,2.0,0.4,-1.1,0.0,13.960000000000036,-1.0,0.4,-1.1,0.0,18.960000000000036,1.6,0.4,-1.1,0.0
7.700000000000028,-1.1500000000000044,0.4,-0.2,-1.1,10.850000000000037,2.0,0.4,-1.1,0.0,13.850000000000037,-1.0,0.4,-1.1,0.0,18.850000000000037,1.6,0.4,-1.1,0.0
7.680000000000028,-1.2600000000000044,0.4,-0.2,-1.1,10.740000000000038,2.0,0.4,-1.1,0.0,13.740000000000038,-1.0,0.4,-1.1,0.0,18.740000000000038,1.6,0.4,-1.1,0.0
7.660000000000029,-1.3700000000000045,0.4,-0.2,-1.1,10.630000000000038,2.0,0.4,-1.1,0.0,13.630000000000038,-1.0,0.4,-1.1,0.0,18.630000000000038,1.6,0.4,-1.1,0.0
7.640000000000029,-1.4800000000000046,0.4,-0.2,-1.1,10.520000000000039,2.0,0.4,-1.1,0.0,13.520000000000039,-1.0,0.4,-1.1,0.0,18.52000000000004,1.6,0.4,-1.1,0.0
7.620000000000029,-1.5900000000000047,0.4,-0.2,-1.1,10.41000000000004,2.0,0.4,-1.1,0.0,13.41000000000004,-1.0,0.4,-1.1,0.0,18.41000000000004,1.6,0.4,-1.1,0.0
7.60000000000003,-1.7000000000000048,0.4,-0.2,-1.1,10.30000000000004,2.0,0.4,-1.1,0.0,13.30000000000004,-1.0,0.4,-1.1,0.0,18.30000000000004,1.6,0.4,-1.1,0.0
7.58000000000003,-1.810000000000005,0.4,-0.2,-1.1,10.19000000000004,2.0,0.4,-1.1,0.0,13.19000000000004,-1.0,0.4,-1.1,0.0,18.19000000000004,1.6,0.4,-1.1,0.0
7.560000000000031,-1.920000000000005,0.4,-0.2,-1.1,10.080000000000041,2.0,0.4,-1.1,0.0,13.080000000000041,-1.0,0.4,-1.1,0.0,18.08000000000004,1.6,0.4,-1.1,0.0
7.540000000000031,-2.030000000000005,0.4,-0.2,-1.1,9.970000000000041,2.0,0.4,-1.1,0.0,12.970000000000041,-1.0,0.4,-1.1,0.0,17.97000000000004,1.6,0.4,-1.1,0.0
7.5200000000000315,-2.140000000000005,0.4,-0.2,-1.1,9.860000000000042,2.0,0.4,-1.1,0.0,12.860000000000042,-1.0,0.4,-1.1,0.0,17.860000000000042,1.6,0.4,-1.1,0.0
7.500000000000032,-2.250000000000005,0.4,-0.2,-1.1,9.750000000000043,2.0,0.4,-1.1,0.0,12.750000000000043,-1.0,0.4,-1.1,0.0,17.750000000000043,1.6,0.4,-1.1,0.0
7.480000000000032,-2.3600000000000048,0.4,-0.2,-1.1,9.640000000000043,2.0,0.4,-1.1,0.0,12.640000000000043,-1.0,0.4,-1.1,0.0,17.640000000000043,1.6,0.4,-1.1,0.0
7.460000000000033,-2.4700000000000046,0.4,-0.2,-1.1,9.530000000000044,2.0,0.4,-1.1,0.0,12.530000000000044,-1.0,0.4,-1.1,0.0,17.530000000000044,1.6,0.4,-1.1,0.0
7.440000000000033,-2.5800000000000045,0.4,-0.2,-1.1,9.420000000000044,2.0,0.4,-1.1,0.0,12.420000000000044,-1.0,0.4,-1.1,0.0,17.420000000000044,1.6,0.4,-1.1,0.0
7.420000000000034,-2.6900000000000044,0.4,-0.2,-1.1,9.310000000000045,2.0,0.4,-1.1,0.0,12.310000000000045,-1.0,0.4,-1.1,0.0,17.310000000000045,1.6,0.4,-1.1,0.0
7.400000000000034,-2.8000000000000043,0.4,-0.2,-1.1,9.200000000000045,2.0,0.4,-1.1,0.0,12.200000000000045,-1.0,0.4,-1.1,0.0,17.200000000000045,1.6,0.4,-1.1,0.0
7.3800000000000345,-2.910000000000004,0.4,-0.2,-1.1,9.090000000000046,2.0,0.4,-1.1,0.0,12.090000000000046,-1.0,0.4,-1.1,0.0,17.090000000000046,1.6,0.4,-1.1,0.0
7.360000000000035,-3.020000000000004,0.4,-0.2,-1.1,8.980000000000047,2.0,0.4,-1.1,0.0,11.980000000000047,-1.0,0.4,-1.1,0.0,16.980000000000047,1.6,0.4,-1.1,0.0
7.340000000000035,-3.130000000000004,0.4,-0.2,-1.1,8.870000000000047,2.0,0.4,-1.1,0.0,11.870000000000047,-1.0,0.4,-1.1,0.0,16.870000000000047,1.6,0.4,-1.1,0.0
7.320000000000036,-3.2400000000000038,0.4,-0.2,-1.1,8.760000000000048,2.0,0.4,-1.1,0.0,11.760000000000048,-1.0,0.4,-1.1,0.0,16.760000000000048,1.6,0.4,-1.1,0.0
7.300000000000036,-3.3500000000000036,0.4,-0.2,-1.1,8.650000000000048,2.0,0.4,-1.1,0.0,11.650000000000048,-1.0,0.4,-1.1,0.0,16.65000000000005,1.6,0.4,-1.1,0.0
7.280000000000037,-3.4600000000000035,0.4,-0.2,-1.1,8.540000000000049,2.0,0.4,-1.1,0.0,11.540000000000049,-1.0,0.4,-1.1,0.0,16.54000000000005,1.6,0.4,-1.1,0.0
7.260000000000037,-3.5700000000000034,0.4,-0.2,-1.1,8.43000000000005,2.0,0.4,-1.1,0.0,11.43000000000005,-1.0,0.4,-1.1,0.0,16.43000000000005,1.6,0.4,-1.1,0.0
7.2400000000000375,-3.6800000000000033,0.4,-0.2,-1.1,8.32000000000005,2.0,0.4,-1.1,0.0,11.32000000000005,-1.0,0.4,-1.1,0.0,16.32000000000005,1.6,0.4,-1.1,0.0
7.220000000000038,-3.790000000000003,0.4,-0.2,-1.1,8.21000000000005,2.0,0.4,-1.1,0.0,11.21000000000005,-1.0,0.4,-1.1,0.0,16.21000000000005,1.6,0.4,-1.1,0.0
7.200000000000038,-3.900000000000003,0.4,-0.2,-1.1,8.100000000000051,2.0,0.4,-1.1,0.0,11.100000000000051,-1.0,0.4,-1.1,0.0,16.10000000000005,1.6,0.4,-1.1,0.0
7.180000000000039,-4.010000000000003,0.4,-0.2,-1.1,7.990000000000051,2.0,0.4,-1.1,0.0,10.990000000000052,-1.0,0.4,-1.1,0.0,15.990000000000052,1.6,0.4,-1.1,0.0
7.160000000000039,-4.120000000000004,0.4,-0.2,-1.1,7.8800000000000505,2.0,0.4,-1.1,0.0,10.880000000000052,-1.0,0.4,-1.1,0.0,15.880000000000052,1.6,0.4,-1.1,0.0
7.14000000000004,-4.230000000000004,0.4,-0.2,-1.1,7.77000000000005,2.0,0.4,-1.1,0.0,10.770000000000053,-1.0,0.4,-1.1,0.0,15.770000000000053,1.6,0.4,-1.1,0.0
7.12000000000004,-4.340000000000004,0.4,-0.2,-1.1,7.66000000000005,2.0,0.4,-1.1,0.0,10.660000000000053,-1.0,0.4,-1.1,0.0,15.660000000000053,1.6,0.4,-1.1,0.0
7.1000000000000405,-4.450000000000005,0.4,-0.2,-1.1,7.55000000000005,2.0,0.4,-1.1,0.0,10.550000000000054,-1.0,0.4,-1.1,0.0,15.550000000000054,1.6,0.4,-1.1,0.0
7.080000000000041,-4.560000000000005,0.4,-0.2,-1.1,7.440000000000049,2.0,0.4,-1.1,0.0,10.440000000000055,-1.0,0.4,-1.1,0.0,15.440000000000055,1.6,0.4,-1.1,0.0
7.060000000000041,-4.670000000000005,0.4,-0.2,-1.1,7.330000000000049,2.0,0.4,-1.1,0.0,10.330000000000055,-1.0,0.4,-1.1,0.0,15.330000000000055,1.6,0.4,-1.1,0.0
7.040000000000042,-4.780000000000006,0.4,-0.2,-1.1,7.220000000000049,2.0,0.4,-1.1,0.0,10.220000000000056,-1.0,0.4,-1.1,0.0,15.220000000000056,1.6,0.4,-1.1,0.0
7.020000000000042,-4.890000000000006,0.4,-0.2,-1.1,7.110000000000048,2.0,0.4,-1.1,0.0,10.110000000000056,-1.0,0.4,-1.1,0.0,15.110000000000056,1.6,0.4,-1.1,0.0
7.000000000000043,-5.000000000000006,0.4,-0.2,-1.1,7.000000000000048,2.0,0.4,-1.1,0.0,10.000000000000057,-1.0,0.4,-1.1,0.0,15.000000000000057,1.6,0.4,-1.1,0.0
6.980000000000043,-5.1100000000000065,0.4,-0.2,-1.1,6.890000000000048,2.0,0.4,-1.1,0.0,9.890000000000057,-1.0,0.4,-1.1,0.0,14.890000000000057,1.6,0.4,-1.1,0.0
6.9600000000000435,-5.220000000000007,0.4,-0.2,-1.1,6.780000000000047,2.0,0.4,-1.1,0.0,9.780000000000058,-1.0,0.4,-1.1,0.0,14.780000000000058,1.6,0.4,-1.1,0.0
6.940000000000044,-5.330000000000007,0.4,-0.2,-1.1,6.670000000000047,2.0,0.4,-1.1,0.0,9.670000000000059,-1.0,0.4,-1.1,0.0,14.670000000000059,1.6,0.4,-1.1,0.0
6.920000000000044,-5.4400000000000075,0.4,-0.2,-1.1,6.560000000000047,2.0,0.4,-1.1,0.0,9.56000000000006,-1.0,0.4,-1.1,0.0,14.56000000000006,1.6,0.4,-1.1,0.0
6.900000000000045,-5.550000000000008,0.4,-0.2,-1.1,6.450000000000046,2.0,0.4,-1.1,0.0,9.45000000000006,-1.0,0.4,-1.1,0.0,14.45000000000006,1.6,0.4,-1.1,0.0
6.880000000000045,-5.660000000000008,0.4,-0.2,-1.1,6.340000000000046,2.0,0.4,-1.1,0.0,9.34000000000006,-1.0,0.4,-1.1,0.0,14.34000000000006,1.6,0.4,-1.1,0.0
6.860000000000046,-5.7700000000000085,0.4,-0.2,-1.1,6.230000000000046,2.0,0.4,-1.1,0.0,9.23000000000006,-1.0,0.4,-1.1,0.0,14.23000000000006,1.6,0.4,-1.1,0.0
6.840000000000046,-5.880000000000009,0.4,-0.2,-1.1,6.120000000000045,2.0,0.4,-1.1,0.0,9.120000000000061,-1.0,0.4,-1.1,0.0,14.120000000000061,1.6,0.4,-1.1,0.0
6.8200000000000465,-5.990000000000009,0.4,-0.2,-1.1,6.010000000000045,2.0,0.4,-1.1,0.0,9.010000000000062,-1.0,0.4,-1.1,0.0,14.010000000000062,1.6,0.4,-1.1,0.0
6.800000000000047,-6.100000000000009,0.4,-0.2,-1.1,5.900000000000045,2.0,0.4,-1.1,0.0,8.900000000000063,-1.0,0.4,-1.1,0.0,13.900000000000063,1.6,0.4,-1.1,0.0
6.780000000000047,-6.21000000000001,0.4,-0.2,-1.1,5.7900000000000444,2.0,0.4,-1.1,0.0,8.790000000000063,-1.0,0.4,-1.1,0.0,13.790000000000063,1.6,0.4,-1.1,0.0
6.760000000000048,-6.32000000000001,0.4,-0.2,-1.1,5.680000000000044,2.0,0.4,-1.1,0.0,8.680000000000064,-1.0,0.4,-1.1,0.0,13.680000000000064,1.6,0.4,-1.1,0.0
6.740000000000048,-6.43000000000001,0.4,-0.2,-1.1,5.570000000000044,2.0,0.4,-1.1,0.0,8.570000000000064,-1.0,0.4,-1.1,0.0,13.570000000000064,1.6,0.4,-1.1,0.0
6.720000000000049,-6.540000000000011,0.4,-0.2,-1.1,5.4600000000000435,2.0,0.4,-1.1,0.0,8.460000000000065,-1.0,0.4,-1.1,0.0,13.460000000000065,1.6,0.4,-1.1,0.0
6.700000000000049,-6.650000000000011,0.4,-0.2,-1.1,5.350000000000043,2.0,0.4,-1.1,0.0,8.350000000000065,-1.0,0.4,-1.1,0.0,13.350000000000065,1.6,0.4,-1.1,0.0
6.6800000000000495,-6.760000000000011,0.4,-0.2,-1.1,5.240000000000043,2.0,0.4,-1.1,0.0,8.240000000000066,-1.0,0.4,-1.1,0.0,13.240000000000066,1.6,0.4,-1.1,0.0
6.66000000000005,-6.870000000000012,0.4,-0.2,-1.1,5.1300000000000425,2.0,0.4,-1.1,0.0,8.130000000000067,-1.0,0.4,-1.1,0.0,13.130000000000067,1.6,0.4,-1.1,0.0
6.64000000000005,-6.980000000000012,0.4,-0.2,-1.1,5.020000000000042,2.0,0.4,-1.1,0.0,8.020000000000067,-1.0,0.4,-1.1,0.0,13.020000000000067,1.6,0.4,-1.1,0.0
6.620000000000051,-7.090000000000012,0.4,-0.2,-1.1,4.910000000000042,2.0,0.4,-1.1,0.0,7.910000000000067,-1.0,0.4,-1.1,0.0,12.910000000000068,1.6,0.4,-1.1,0.0
6.600000000000051,-7.200000000000013,0.4,-0.2,-1.1,4.800000000000042,2.0,0.4,-1.1,0.0,7.800000000000066,-1.0,0.4,-1.1,0.0,12.800000000000068,1.6,0.4,-1.1,0.0
6.580000000000052,-7.310000000000013,0.4,-0.2,-1.1,4.690000000000041,2.0,0.4,-1.1,0.0,7.690000000000066,-1.0,0.4,-1.1,0.0,12.690000000000069,1.6,0.4,-1.1,0.0
6.560000000000052,-7.420000000000013,0.4,-0.2,-1.1,4.580000000000041,2.0,0.4,-1.1,0.0,7.580000000000066,-1.0,0.4,-1.1,0.0,12.58000000000007,1.6,0.4,-1.1,0.0
6.540000000000052,-7.530000000000014,0.4,-0.2,-1.1,4.470000000000041,2.0,0.4,-1.1,0.0,7.4700000000000655,-1.0,0.4,-1.1,0.0,12.47000000000007,1.6,0.4,-1.1,0.0
6.520000000000053,-7.640000000000014,0.4,-0.2,-1.1,4.36000000000004,2.0,0.4,-1.1,0.0,7.360000000000065,-1.0,0.4,-1.1,0.0,12.36000000000007,1.6,0.4,-1.1,0.0
6.500000000000053,-7.750000000000014,0.4,-0.2,-1.1,4.25000000000004,2.0,0.4,-1.1,0.0,7.250000000000065,-1.0,0.4,-1.1,0.0,12.250000000000071,1.6,0.4,-1.1,0.0
6.480000000000054,-7.8600000000000145,0.4,-0.2,-1.1,4.14000000000004,2.0,0.4,-1.1,0.0,7.1400000000000645,-1.0,0.4,-1.1,0.0,12.140000000000072,1.6,0.4,-1.1,0.0
6.460000000000054,-7.970000000000015,0.4,-0.2,-1.1,4.030000000000039,2.0,0.4,-1.1,0.0,7.030000000000064,-1.0,0.4,-1.1,0.0,12.030000000000072,1.6,0.4,-1.1,0.0
6.440000000000055,-8.080000000000014,0.4,-0.2,-1.1,3.9200000000000395,2.0,0.4,-1.1,0.0,6.920000000000064,-1.0,0.4,-1.1,0.0,11.920000000000073,1.6,0.4,-1.1,0.0
6.420000000000055,-8.190000000000014,0.4,-0.2,-1.1,3.8100000000000396,2.0,0.4,-1.1,0.0,6.810000000000064,-1.0,0.4,-1.1,0.0,11.810000000000073,1.6,0.4,-1.1,0.0
6.400000000000055,-8.300000000000013,0.4,-0.2,-1.1,3.7000000000000397,2.0,0.4,-1.1,0.0,6.700000000000063,-1.0,0.4,-1.1,0.0,11.700000000000074,1.6,0.4,-1.1,0.0
6.380000000000056,-8.410000000000013,0.4,-0.2,-1.1,3.59000000000004,2.0,0.4,-1.1,0.0,6.590000000000063,-1.0,0.4,-1.1,0.0,11.590000000000074,1.6,0.4,-1.1,0.0
6.360000000000056,-8.520000000000012,0.4,-0.2,-1.1,3.48000000000004,2.0,0.4,-1.1,0.0,6.480000000000063,-1.0,0.4,-1.1,0.0,11.480000000000075,1.6,0.4,-1.1,0.0
6.340000000000057,-8.630000000000011,0.4,-0.2,-1.1,3.37000000000004,2.0,0.4,-1.1,0.0,6.370000000000062,-1.0,0.4,-1.1,0.0,11.370000000000076,1.6,0.4,-1.1,0.0
6.320000000000057,-8.74000000000001,0.4,-0.2,-1.1,3.26000000000004,2.0,0.4,-1.1,0.0,6.260000000000062,-1.0,0.4,-1.1,0.0,11.260000000000076,1.6,0.4,-1.1,0.0
6.3000000000000576,-8.85000000000001,0.4,-0.2,-1.1,3.1500000000000403,2.0,0.4,-1.1,0.0,6.150000000000062,-1.0,0.4,-1.1,0.0,11.150000000000077,1.6,0.4,-1.1,0.0
6.280000000000058,-8.96000000000001,0.4,-0.2,-1.1,3.0400000000000404,2.0,0.4,-1.1,0.0,6.040000000000061,-1.0,0.4,-1.1,0.0,11.040000000000077,1.6,0.4,-1.1,0.0
6.260000000000058,-9.07000000000001,0.4,-0.2,-1.1,2.9300000000000406,2.0,0.4,-1.1,0.0,5.930000000000061,-1.0,0.4,-1.1,0.0,10.930000000000078,1.6,0.4,-1.1,0.0
6.240000000000059,-9.180000000000009,0.4,-0.2,-1.1,2.8200000000000407,2.0,0.4,-1.1,0.0,5.820000000000061,-1.0,0.4,-1.1,0.0,10.820000000000078,1.6,0.4,-1.1,0.0
6.220000000000059,-9.290000000000008,0.4,-0.2,-1.1,2.710000000000041,2.0,0.4,-1.1,0.0,5.71000000000006,-1.0,0.4,-1.1,0.0,10.710000000000079,1.6,0.4,-1.1,0.0
6.20000000000006,-9.400000000000007,0.4,-0.2,-1.1,2.600000000000041,2.0,0.4,-1.1,0.0,5.60000000000006,-1.0,0.4,-1.1,0.0,10.60000000000008,1.6,0.4,-1.1,0.0
6.18000000000006,-9.510000000000007,0.4,-0.2,-1.1,2.490000000000041,2.0,0.4,-1.1,0.0,5.49000000000006,-1.0,0.4,-1.1,0.0,10.49000000000008,1.6,0.4,-1.1,0.0
6.1600000000000605,-9.620000000000006,0.4,-0.2,-1.1,2.380000000000041,2.0,0.4,-1.1,0.0,5.380000000000059,-1.0,0.4,-1.1,0.0,10.38000000000008,1.6,0.4,-1.1,0.0
6.140000000000061,-9.730000000000006,0.4,-0.2,-1.1,2.2700000000000413,2.0,0.4,-1.1,0.0,5.270000000000059,-1.0,0.4,-1.1,0.0,10.270000000000081,1.6,0.4,-1.1,0.0
6.120000000000061,-9.840000000000005,0.4,-0.2,-1.1,2.1600000000000414,2.0,0.4,-1.1,0.0,5.160000000000059,-1.0,0.4,-1.1,0.0,10.160000000000082,1.6,0.4,-1.1,0.0
6.100000000000062,-9.950000000000005,0.4,-0.2,-1.1,2.0500000000000416,2.0,0.4,-1.1,0.0,5.050000000000058,-1.0,0.4,-1.1,0.0,10.050000000000082,1.6,0.4,-1.1,0.0
6.080000000000062,-10.060000000000004,0.4,-0.2,-1.1,1.9400000000000415,2.0,0.4,-1.1,0.0,4.940000000000058,-1.0,0.4,-1.1,0.0,9.940000000000083,1.6,0.4,-1.1,0.0
6.060000000000063,-10.170000000000003,0.4,-0.2,-1.1,1.8300000000000414,2.0,0.4,-1.1,0.0,4.830000000000058,-1.0,0.4,-1.1,0.0,9.830000000000084,1.6,0.4,-1.1,0.0
6.040000000000063,-10.280000000000003,0.4,-0.2,-1.1,1.7200000000000413,2.0,0.4,-1.1,0.0,4.7200000000000575,-1.0,0.4,-1.1,0.0,9.720000000000084,1.6,0.4,-1.1,0.0
6.0200000000000635,-10.390000000000002,0.4,-0.2,-1.1,1.6100000000000412,2.0,0.4,-1.1,0.0,4.610000000000057,-1.0,0.4,-1.1,0.0,9.610000000000085,1.6,0.4,-1.1,0.0
6.000000000000064,-10.500000000000002,0.4,-0.2,-1.1,1.500000000000041,2.0,0.4,-1.1,0.0,4.500000000000057,-1.0,0.4,-1.1,0.0,9.500000000000085,1.6,0.4,-1.1,0.0
5.980000000000064,-10.610000000000001,0.4,-0.2,-1.1,1.390000000000041,2.0,0.4,-1.1,0.0,4.3900000000000565,-1.0,0.4,-1.1,0.0,9.390000000000086,1.6,0.4,-1.1,0.0
5.960000000000065,-10.72,0.4,-0.2,-1.1,1.2800000000000409,2.0,0.4,-1.1,0.0,4.280000000000056,-1.0,0.4,-1.1,0.0,9.280000000000086,1.6,0.4,-1.1,0.0
5.940000000000065,-10.83,0.4,-0.2,-1.1,1.1700000000000408,2.0,0.4,-1.1,0.0,4.170000000000056,-1.0,0.4,-1.1,0.0,9.170000000000087,1.6,0.4,-1.1,0.0
5.920000000000066,-10.94,0.4,-0.2,-1.1,1.0600000000000407,2.0,0.4,-1.1,0.0,4.060000000000056,-1.0,0.4,-1.1,0.0,9.060000000000088,1.6,0.4,-1.1,0.0
5.900000000000066,-11.049999999999999,0.4,-0.2,-1.1,0.9500000000000407,2.0,0.4,-1.1,0.0,3.9500000000000557,-1.0,0.4,-1.1,0.0,8.950000000000088,1.6,0.4,-1.1,0.0
5.8800000000000665,-11.159999999999998,0.4,-0.2,-1.1,0.8400000000000407,2.0,0.4,-1.1,0.0,3.840000000000056,-1.0,0.4,-1.1,0.0,8.840000000000089,1.6,0.4,-1.1,0.0
5.860000000000067,-11.269999999999998,0.4,-0.2,-1.1,0.7300000000000407,2.0,0.4,-1.1,0.0,3.730000000000056,-1.0,0.4,-1.1,0.0,8.73000000000009,1.6,0.4,-1.1,0.0
5.840000000000067,-11.379999999999997,0.4,-0.2,-1.1,0.6200000000000407,2.0,0.4,-1.1,0.0,3.620000000000056,-1.0,0.4,-1.1,0.0,8.62000000000009,1.6,0.4,-1.1,0.0
5.820000000000068,-11.489999999999997,0.4,-0.2,-1.1,0.5100000000000408,2.0,0.4,-1.1,0.0,3.510000000000056,-1.0,0.4,-1.1,0.0,8.51000000000009,1.6,0.4,-1.1,0.0
5.800000000000068,-11.599999999999996,0.4,-0.2,-1.1,0.40000000000004077,2.0,0.4,-1.1,0.0,3.4000000000000563,-1.0,0.4,-1.1,0.0,8.400000000000091,1.6,0.4,-1.1,0.0
5.780000000000069,-11.709999999999996,0.4,-0.2,-1.1,0.2900000000000408,2.0,0.4,-1.1,0.0,3.2900000000000564,-1.0,0.4,-1.1,0.0,8.290000000000092,1.6,0.4,-1.1,0.0
5.760000000000069,-11.819999999999995,0.4,-0.2,-1.1,0.18000000000004077,2.0,0.4,-1.1,0.0,3.1800000000000566,-1.0,0.4,-1.1,0.0,8.180000000000092,1.6,0.4,-1.1,0.0
5.7400000000000695,-11.929999999999994,0.4,-0.2,-1.1,0.07000000000004075,2.0,0.4,-1.1,0.0,3.0700000000000567,-1.0,0.4,-1.1,0.0,8.070000000000093,1.6,0.4,-1.1,0.0
5.72000000000007,-12.039999999999994,0.4,-0.2,-1.1,-0.03999999999995926,2.0,0.4,-1.1,0.0,2.960000000000057,-1.0,0.4,-1.1,0.0,7.960000000000092,1.6,0.4,-1.1,0.0
5.70000000000007,-12.149999999999993,0.4,-0.2,-1.1,-0.14999999999995928,2.0,0.4,-1.1,0.0,2.850000000000057,-1.0,0.4,-1.1,0.0,7.850000000000092,1.6,0.4,-1.1,0.0
5.680000000000071,-12.259999999999993,0.4,-0.2,-1.1,-0.25999999999995926,2.0,0.4,-1.1,0.0,2.740000000000057,-1.0,0.4,-1.1,0.0,7.740000000000092,1.6,0.4,-1.1,0.0
5.660000000000071,-12.369999999999992,0.4,-0.2,-1.1,-0.36999999999995925,2.0,0.4,-1.1,0.0,2.630000000000057,-1.0,0.4,-1.1,0.0,7.630000000000091,1.6,0.4,-1.1,0.0
5.640000000000072,-12.479999999999992,0.4,-0.2,-1.1,-0.47999999999995924,2.0,0.4,-1.1,0.0,2.5200000000000573,-1.0,0.4,-1.1,0.0,7.520000000000091,1.6,0.4,-1.1,0.0
5.620000000000072,-12.589999999999991,0.4,-0.2,-1.1,-0.5899999999999592,2.0,0.4,-1.1,0.0,2.4100000000000574,-1.0,0.4,-1.1,0.0,7.410000000000091,1.6,0.4,-1.1,0.0
5.6000000000000725,-12.69999999999999,0.4,-0.2,-1.1,-0.6999999999999592,2.0,0.4,-1.1,0.0,2.3000000000000576,-1.0,0.4,-1.1,0.0,7.30000000000009,1.6,0.4,-1.1,0.0
5.580000000000073,-12.80999999999999,0.4,-0.2,-1.1,-0.8099999999999592,2.0,0.4,-1.1,0.0,2.1900000000000577,-1.0,0.4,-1.1,0.0,7.19000000000009,1.6,0.4,-1.1,0.0
5.560000000000073,-12.91999999999999,0.4,-0.2,-1.1,-0.9199999999999592,2.0,0.4,-1.1,0.0,2.080000000000058,-1.0,0.4,-1.1,0.0,7.08000000000009,1.6,0.4,-1.1,0.0
5.540000000000074,-13.029999999999989,0.4,-0.2,-1.1,-1.0299999999999592,2.0,0.4,-1.1,0.0,1.9700000000000577,-1.0,0.4,-1.1,0.0,6.9700000000000895,1.6,0.4,-1.1,0.0
5.520000000000074,-13.139999999999988,0.4,-0.2,-1.1,-1.1399999999999593,2.0,0.4,-1.1,0.0,1.8600000000000576,-1.0,0.4,-1.1,0.0,6.860000000000089,1.6,0.4,-1.1,0.0
5.500000000000075,-13.249999999999988,0.4,-0.2,-1.1,-1.2499999999999594,2.0,0.4,-1.1,0.0,1.7500000000000575,-1.0,0.4,-1.1,0.0,6.750000000000089,1.6,0.4,-1.1,0.0
5.480000000000075,-13.359999999999987,0.4,-0.2,-1.1,-1.3599999999999595,2.0,0.4,-1.1,0.0,1.6400000000000574,-1.0,0.4,-1.1,0.0,6.6400000000000885,1.6,0.4,-1.1,0.0
5.4600000000000755,-13.469999999999986,0.4,-0.2,-1.1,-1.4699999999999596,2.0,0.4,-1.1,0.0,1.5300000000000573,-1.0,0.4,-1.1,0.0,6.530000000000088,1.6,0.4,-1.1,0.0
5.440000000000076,-13.579999999999986,0.4,-0.2,-1.1,-1.5799999999999597,2.0,0.4,-1.1,0.0,1.4200000000000572,-1.0,0.4,-1.1,0.0,6.420000000000088,1.6,0.4,-1.1,0.0
5.420000000000076,-13.689999999999985,0.4,-0.2,-1.1,-1.6899999999999598,2.0,0.4,-1.1,0.0,1.3100000000000571,-1.0,0.4,-1.1,0.0,6.3100000000000875,1.6,0.4,-1.1,0.0
5.400000000000077,-13.799999999999985,0.4,-0.2,-1.1,-1.7999999999999599,2.0,0.4,-1.1,0.0,1.200000000000057,-1.0,0.4,-1.1,0.0,6.200000000000087,1.6,0.4,-1.1,0.0
5.380000000000077,-13.909999999999984,0.4,-0.2,-1.1,-1.90999999999996,2.0,0.4,-1.1,0.0,1.090000000000057,-1.0,0.4,-1.1,0.0,6.090000000000087,1.6,0.4,-1.1,0.0
5.360000000000078,-14.019999999999984,0.4,-0.2,-1.1,-2.01999999999996,2.0,0.4,-1.1,0.0,0.9800000000000569,-1.0,0.4,-1.1,0.0,5.980000000000087,1.6,0.4,-1.1,0.0
5.340000000000078,-14.129999999999983,0.4,-0.2,-1.1,-2.12999999999996,2.0,0.4,-1.1,0.0,0.870000000000057,-1.0,0.4,-1.1,0.0,5.870000000000086,1.6,0.4,-1.1,0.0
5.320000000000078,-14.239999999999982,0.4,-0.2,-1.1,-2.23999999999996,2.0,0.4,-1.1,0.0,0.760000000000057,-1.0,0.4,-1.1,0.0,5.760000000000086,1.6,0.4,-1.1,0.0
5.300000000000079,-14.349999999999982,0.4,-0.2,-1.1,-2.3499999999999597,2.0,0.4,-1.1,0.0,0.650000000000057,-1.0,0.4,-1.1,0.0,5.650000000000086,1.6,0.4,-1.1,0.0
5.280000000000079,-14.459999999999981,0.4,-0.2,-1.1,-2.4599999999999596,2.0,0.4,-1.1,0.0,0.540000000000057,-1.0,0.4,-1.1,0.0,5.540000000000085,1.6,0.4,-1.1,0.0
5.26000000000008,-14.56999999999998,0.4,-0.2,-1.1,-2.5699999999999594,2.0,0.4,-1.1,0.0,0.430000000000057,-1.0,0.4,-1.1,0.0,5.430000000000085,1.6,0.4,-1.1,0.0
5.24000000000008,-14.67999999999998,0.4,-0.2,-1.1,-2.6799999999999593,2.0,0.4,-1.1,0.0,0.320000000000057,-1.0,0.4,-1.1,0.0,5.320000000000085,1.6,0.4,-1.1,0.0
5.220000000000081,-14.78999999999998,0.4,-0.2,-1.1,-2.789999999999959,2.0,0.4,-1.1,0.0,0.210000000000057,-1.0,0.4,-1.1,0.0,5.210000000000084,1.6,0.4,-1.1,0.0
5.200000000000081,-14.899999999999979,0.4,-0.2,-1.1,-2.899999999999959,2.0,0.4,-1.1,0.0,0.10000000000005699,-1.0,0.4,-1.1,0.0,5.100000000000084,1.6,0.4,-1.1,0.0
5.180000000000081,-15.009999999999978,0.4,-0.2,-1.1,-3.009999999999959,2.0,0.4,-1.1,0.0,-0.009999999999943027,-1.0,0.4,-1.1,0.0,4.990000000000084,1.6,0.4,-1.1,0.0
5.160000000000082,-15.119999999999978,0.4,-0.2,-1.1,-3.119999999999959,2.0,0.4,-1.1,0.0,-0.11999999999994304,-1.0,0.4,-1.1,0.0,4.880000000000083,1.6,0.4,-1.1,0.0
5.140000000000082,-15.229999999999977,0.4,-0.2,-1.1,-3.2299999999999587,2.0,0.4,-1.1,0.0,-0.22999999999994306,-1.0,0.4,-1.1,0.0,4.770000000000083,1.6,0.4,-1.1,0.0
5.120000000000083,-15.339999999999977,0.4,-0.2,-1.1,-3.3399999999999586,2.0,0.4,-1.1,0.0,-0.33999999999994307,-1.0,0.4,-1.1,0.0,4.660000000000083,1.6,0.4,-1.1,0.0
5.100000000000083,-15.449999999999976,0.4,-0.2,-1.1,-3.4499999999999584,2.0,0.4,-1.1,0.0,-0.4499999999999431,-1.0,0.4,-1.1,0.0,4.550000000000082,1.6,0.4,-1.1,0.0
5.080000000000084,-15.559999999999976,0.4,-0.2,-1.1,-3.5599999999999583,2.0,0.4,-1.1,0.0,-0.5599999999999431,-1.0,0.4,-1.1,0.0,4.440000000000082,1.6,0.4,-1.1,0.0
