x0,y0,r0,dx0,dy0,x1,y1,r1,dx1,dy1,x2,y2,r2,dx2,dy2
4.0,5.5,0.4,-0.5,-0.5,8.0,6.5,0.4,-0.2,-0.2,10.1,11.5,0.4,-0.05,-0.05
3.949,5.449,0.4,-0.51,-0.51,7.979,6.479,0.4,-0.21000000000000002,-0.21000000000000002,10.094,11.494,0.4,-0.060000000000000005,-0.060000000000000005
3.897,5.397,0.4,-0.52,-0.52,7.957,6.457,0.4,-0.22000000000000003,-0.22000000000000003,10.087,11.487,0.4,-0.07,-0.07
3.844,5.344,0.4,-0.53,-0.53,7.934,6.434,0.4,-0.23000000000000004,-0.23000000000000004,10.079,11.479000000000001,0.4,-0.08,-0.08
3.79,5.29,0.4,-0.54,-0.54,7.91,6.41,0.4,-0.24000000000000005,-0.24000000000000005,10.07,11.47,0.4,-0.09,-0.09
3.735,5.235,0.4,-0.55,-0.55,7.885,6.385,0.4,-0.25000000000000006,-0.25000000000000006,10.06,11.46,0.4,-0.09999999999999999,-0.09999999999999999
3.679,5.179,0.4,-0.56,-0.56,7.859,6.359,0.4,-0.26000000000000006,-0.26000000000000006,10.049000000000001,11.449000000000002,0.4,-0.10999999999999999,-0.10999999999999999
3.622,5.122,0.4,-0.5700000000000001,-0.5700000000000001,7.832,6.332,0.4,-0.2700000000000001,-0.2700000000000001,10.037,11.437000000000001,0.4,-0.11999999999999998,-0.11999999999999998
3.564,5.064,0.4,-0.5800000000000001,-0.5800000000000001,7.804,6.304,0.4,-0.2800000000000001,-0.2800000000000001,10.024000000000001,11.424000000000001,0.4,-0.12999999999999998,-0.12999999999999998
3.505,5.005,0.4,-0.5900000000000001,-0.5900000000000001,7.775,6.275,0.4,-0.2900000000000001,-0.2900000000000001,10.010000000000002,11.410000000000002,0.4,-0.13999999999999999,-0.13999999999999999
3.445,4.945,0.4,-0.6000000000000001,-0.6000000000000001,7.745,6.245,0.4,-0.3000000000000001,-0.3000000000000001,9.995000000000001,11.395000000000001,0.4,-0.15,-0.15
3.384,4.884,0.4,-0.6100000000000001,-0.6100000000000001,7.714,6.214,0.4,-0.3100000000000001,-0.3100000000000001,9.979000000000001,11.379000000000001,0.4,-0.16,-0.16
3.322,4.822,0.4,-0.6200000000000001,-0.6200000000000001,7.682,6.182,0.4,-0.3200000000000001,-0.3200000000000001,9.962000000000002,11.362000000000002,0.4,-0.17,-0.17
3.259,4.759,0.4,-0.6300000000000001,-0.6300000000000001,7.649,6.149,0.4,-0.3300000000000001,-0.3300000000000001,9.944,11.344000000000001,0.4,-0.18000000000000002,-0.18000000000000002
3.195,4.695,0.4,-0.6400000000000001,-0.6400000000000001,7.615,6.115,0.4,-0.34000000000000014,-0.34000000000000014,9.925,11.325000000000001,0.4,-0.19000000000000003,-0.19000000000000003
3.13,4.63,0.4,-0.6500000000000001,-0.6500000000000001,7.58,6.08,0.4,-0.35000000000000014,-0.35000000000000014,9.905000000000001,11.305000000000001,0.4,-0.20000000000000004,-0.20000000000000004
3.064,4.564,0.4,-0.6600000000000001,-0.6600000000000001,7.5440000000000005,6.0440000000000005,0.4,-0.36000000000000015,-0.36000000000000015,9.884,11.284,0.4,-0.21000000000000005,-0.21000000000000005
2.997,4.497,0.4,-0.6700000000000002,-0.6700000000000002,7.507000000000001,6.007000000000001,0.4,-0.37000000000000016,-0.37000000000000016,9.862,11.262,0.4,-0.22000000000000006,-0.22000000000000006
2.929,4.429,0.4,-0.6800000000000002,-0.6800000000000002,7.469,5.969,0.4,-0.38000000000000017,-0.38000000000000017,9.839,11.239,0.4,-0.23000000000000007,-0.23000000000000007
2.86,4.36,0.4,-0.6900000000000002,-0.6900000000000002,7.430000000000001,5.930000000000001,0.4,-0.3900000000000002,-0.3900000000000002,9.815000000000001,11.215000000000002,0.4,-0.24000000000000007,-0.24000000000000007
2.79,4.29,0.4,-0.7000000000000002,-0.7000000000000002,7.390000000000001,5.890000000000001,0.4,-0.4000000000000002,-0.4000000000000002,9.790000000000001,11.190000000000001,0.4,-0.25000000000000006,-0.25000000000000006
2.719,4.219,0.4,-0.7100000000000002,-0.7100000000000002,7.349,5.849,0.4,-0.4100000000000002,-0.4100000000000002,9.764000000000001,11.164000000000001,0.4,-0.26000000000000006,-0.26000000000000006
2.647,4.147,0.4,-0.7200000000000002,-0.7200000000000002,7.307,5.807,0.4,-0.4200000000000002,-0.4200000000000002,9.737000000000002,11.137000000000002,0.4,-0.2700000000000001,-0.2700000000000001
2.574,4.074,0.4,-0.7300000000000002,-0.7300000000000002,7.264,5.764,0.4,-0.4300000000000002,-0.4300000000000002,9.709000000000001,11.109000000000002,0.4,-0.2800000000000001,-0.2800000000000001
2.5,4.0,0.4,-0.7400000000000002,-0.7400000000000002,7.220000000000001,5.720000000000001,0.4,-0.4400000000000002,-0.4400000000000002,9.680000000000001,11.080000000000002,0.4,-0.2900000000000001,-0.2900000000000001
2.425,3.925,0.4,-0.7500000000000002,-0.7500000000000002,7.175000000000001,5.675000000000001,0.4,-0.45000000000000023,-0.45000000000000023,9.650000000000002,11.050000000000002,0.4,-0.3000000000000001,-0.3000000000000001
2.3489999999999998,3.8489999999999998,0.4,-0.7600000000000002,-0.7600000000000002,7.1290000000000004,5.6290000000000004,0.4,-0.46000000000000024,-0.46000000000000024,9.619000000000002,11.019000000000002,0.4,-0.3100000000000001,-0.3100000000000001
2.272,3.772,0.4,-0.7700000000000002,-0.7700000000000002,7.082000000000001,5.582000000000001,0.4,-0.47000000000000025,-0.47000000000000025,9.587000000000002,10.987000000000002,0.4,-0.3200000000000001,-0.3200000000000001
2.194,3.694,0.4,-0.7800000000000002,-0.7800000000000002,7.034000000000001,5.534000000000001,0.4,-0.48000000000000026,-0.48000000000000026,9.554000000000002,10.954000000000002,0.4,-0.3300000000000001,-0.3300000000000001
2.1149999999999998,3.6149999999999998,0.4,-0.7900000000000003,-0.7900000000000003,6.985,5.485,0.4,-0.49000000000000027,-0.49000000000000027,9.520000000000001,10.920000000000002,0.4,-0.34000000000000014,-0.34000000000000014
2.0349999999999997,3.5349999999999997,0.4,-0.8000000000000003,-0.8000000000000003,6.9350000000000005,5.4350000000000005,0.4,-0.5000000000000002,-0.5000000000000002,9.485000000000001,10.885000000000002,0.4,-0.35000000000000014,-0.35000000000000014
1.9539999999999997,3.4539999999999997,0.4,-0.8100000000000003,-0.8100000000000003,6.884,5.384,0.4,-0.5100000000000002,-0.5100000000000002,9.449000000000002,10.849000000000002,0.4,-0.36000000000000015,-0.36000000000000015
1.8719999999999997,3.372,0.4,-0.8200000000000003,-0.8200000000000003,6.832000000000001,5.332000000000001,0.4,-0.5200000000000002,-0.5200000000000002,9.412,10.812000000000001,0.4,-0.37000000000000016,-0.37000000000000016
1.7889999999999997,3.2889999999999997,0.4,-0.8300000000000003,-0.8300000000000003,6.779000000000001,5.279000000000001,0.4,-0.5300000000000002,-0.5300000000000002,9.374,10.774000000000001,0.4,-0.38000000000000017,-0.38000000000000017
1.7049999999999996,3.2049999999999996,0.4,-0.8400000000000003,-0.8400000000000003,6.7250000000000005,5.2250000000000005,0.4,-0.5400000000000003,-0.5400000000000003,9.335,10.735000000000001,0.4,-0.3900000000000002,-0.3900000000000002
1.6199999999999997,3.1199999999999997,0.4,-0.8500000000000003,-0.8500000000000003,6.670000000000001,5.170000000000001,0.4,-0.5500000000000003,-0.5500000000000003,9.295000000000002,10.695000000000002,0.4,-0.4000000000000002,-0.4000000000000002
1.5339999999999996,3.034,0.4,-0.8600000000000003,-0.8600000000000003,6.614000000000001,5.114000000000001,0.4,-0.5600000000000003,-0.5600000000000003,9.254000000000001,10.654000000000002,0.4,-0.4100000000000002,-0.4100000000000002
1.4469999999999996,2.9469999999999996,0.4,-0.8700000000000003,-0.8700000000000003,6.557,5.057,0.4,-0.5700000000000003,-0.5700000000000003,9.212000000000002,10.612000000000002,0.4,-0.4200000000000002,-0.4200000000000002
1.3589999999999995,2.8589999999999995,0.4,-0.8800000000000003,-0.8800000000000003,6.4990000000000006,4.9990000000000006,0.4,-0.5800000000000003,-0.5800000000000003,9.169000000000002,10.569000000000003,0.4,-0.4300000000000002,-0.4300000000000002
1.2699999999999996,2.7699999999999996,0.4,-0.8900000000000003,-0.8900000000000003,6.44,4.94,0.4,-0.5900000000000003,-0.5900000000000003,9.125000000000002,10.525000000000002,0.4,-0.4400000000000002,-0.4400000000000002
1.1799999999999995,2.6799999999999997,0.4,-0.9000000000000004,-0.9000000000000004,6.380000000000001,4.880000000000001,0.4,-0.6000000000000003,-0.6000000000000003,9.080000000000002,10.480000000000002,0.4,-0.45000000000000023,-0.45000000000000023
1.0889999999999995,2.5889999999999995,0.4,-0.9100000000000004,-0.9100000000000004,6.319000000000001,4.819000000000001,0.4,-0.6100000000000003,-0.6100000000000003,9.034000000000002,10.434000000000003,0.4,-0.46000000000000024,-0.46000000000000024
0.9969999999999994,2.4969999999999994,0.4,-0.9200000000000004,-0.9200000000000004,6.257000000000001,4.757000000000001,0.4,-0.6200000000000003,-0.6200000000000003,8.987000000000002,10.387000000000002,0.4,-0.47000000000000025,-0.47000000000000025
0.9039999999999994,2.4039999999999995,0.4,-0.9300000000000004,-0.9300000000000004,6.194000000000001,4.694000000000001,0.4,-0.6300000000000003,-0.6300000000000003,8.939000000000002,10.339000000000002,0.4,-0.48000000000000026,-0.48000000000000026
0.8099999999999993,2.3099999999999996,0.4,-0.9400000000000004,-0.9400000000000004,6.130000000000001,4.630000000000001,0.4,-0.6400000000000003,-0.6400000000000003,8.890000000000002,10.290000000000003,0.4,-0.49000000000000027,-0.49000000000000027
0.7149999999999992,2.2149999999999994,0.4,-0.9500000000000004,-0.9500000000000004,6.065,4.565,0.4,-0.6500000000000004,-0.6500000000000004,8.840000000000002,10.240000000000002,0.4,-0.5000000000000002,-0.5000000000000002
0.6189999999999991,2.1189999999999993,0.4,-0.9600000000000004,-0.9600000000000004,5.9990000000000006,4.4990000000000006,0.4,-0.6600000000000004,-0.6600000000000004,8.789000000000001,10.189000000000002,0.4,-0.5100000000000002,-0.5100000000000002
0.521999999999999,2.0219999999999994,0.4,-0.9700000000000004,-0.9700000000000004,5.932,4.432,0.4,-0.6700000000000004,-0.6700000000000004,8.737000000000002,10.137000000000002,0.4,-0.5200000000000002,-0.5200000000000002
0.423999999999999,1.9239999999999993,0.4,-0.9800000000000004,-0.9800000000000004,5.864000000000001,4.364000000000001,0.4,-0.6800000000000004,-0.6800000000000004,8.684000000000001,10.084000000000001,0.4,-0.5300000000000002,-0.5300000000000002
0.32499999999999896,1.8249999999999993,0.4,-0.9900000000000004,-0.9900000000000004,5.795000000000001,4.295000000000001,0.4,-0.6900000000000004,-0.6900000000000004,8.63,10.030000000000001,0.4,-0.5400000000000003,-0.5400000000000003
0.22499999999999892,1.7249999999999992,0.4,-1.0000000000000004,-1.0000000000000004,5.7250000000000005,4.2250000000000005,0.4,-0.7000000000000004,-0.7000000000000004,8.575000000000001,9.975000000000001,0.4,-0.5500000000000003,-0.5500000000000003
0.12399999999999888,1.6239999999999992,0.4,-1.0100000000000005,-1.0100000000000005,5.654000000000001,4.154000000000001,0.4,-0.7100000000000004,-0.7100000000000004,8.519000000000002,9.919000000000002,0.4,-0.5600000000000003,-0.5600000000000003
0.021999999999998826,1.5219999999999991,0.4,-1.0200000000000005,-1.0200000000000005,5.582000000000001,4.082000000000001,0.4,-0.7200000000000004,-0.7200000000000004,8.462000000000002,9.862000000000002,0.4,-0.5700000000000003,-0.5700000000000003
-0.08100000000000122,1.4189999999999992,0.4,-1.0300000000000005,-1.0300000000000005,5.509,4.009,0.4,-0.7300000000000004,-0.7300000000000004,8.404000000000002,9.804000000000002,0.4,-0.5800000000000003,-0.5800000000000003
-0.18500000000000127,1.314999999999999,0.4,-1.0400000000000005,-1.0400000000000005,5.4350000000000005,3.9350000000000005,0.4,-0.7400000000000004,-0.7400000000000004,8.345000000000002,9.745000000000003,0.4,-0.5900000000000003,-0.5900000000000003
-0.2900000000000013,1.209999999999999,0.4,-1.0500000000000005,-1.0500000000000005,5.36,3.8600000000000003,0.4,-0.7500000000000004,-0.7500000000000004,8.285000000000002,9.685000000000002,0.4,-0.6000000000000003,-0.6000000000000003
-0.39600000000000135,1.103999999999999,0.4,-1.0600000000000005,-1.0600000000000005,5.284000000000001,3.7840000000000003,0.4,-0.7600000000000005,-0.7600000000000005,8.224000000000002,9.624000000000002,0.4,-0.6100000000000003,-0.6100000000000003
-0.5030000000000014,0.9969999999999989,0.4,-1.0700000000000005,-1.0700000000000005,5.207000000000001,3.7070000000000003,0.4,-0.7700000000000005,-0.7700000000000005,8.162000000000003,9.562000000000003,0.4,-0.6200000000000003,-0.6200000000000003
-0.6110000000000015,0.8889999999999988,0.4,-1.0800000000000005,-1.0800000000000005,5.1290000000000004,3.6290000000000004,0.4,-0.7800000000000005,-0.7800000000000005,8.099000000000002,9.499000000000002,0.4,-0.6300000000000003,-0.6300000000000003
-0.7200000000000016,0.7799999999999987,0.4,-1.0900000000000005,-1.0900000000000005,5.050000000000001,3.5500000000000003,0.4,-0.7900000000000005,-0.7900000000000005,8.035000000000002,9.435000000000002,0.4,-0.6400000000000003,-0.6400000000000003
-0.8300000000000017,0.6699999999999986,0.4,-1.1000000000000005,-1.1000000000000005,4.970000000000001,3.47,0.4,-0.8000000000000005,-0.8000000000000005,7.9700000000000015,9.370000000000003,0.4,-0.6500000000000004,-0.6500000000000004
-0.9410000000000018,0.5589999999999985,0.4,-1.1100000000000005,-1.1100000000000005,4.889,3.3890000000000002,0.4,-0.8100000000000005,-0.8100000000000005,7.904000000000002,9.304000000000002,0.4,-0.6600000000000004,-0.6600000000000004
-1.053000000000002,0.44699999999999845,0.4,-1.1200000000000006,-1.1200000000000006,4.807,3.3070000000000004,0.4,-0.8200000000000005,-0.8200000000000005,7.8370000000000015,9.237000000000002,0.4,-0.6700000000000004,-0.6700000000000004
-1.166000000000002,0.3339999999999984,0.4,-1.1300000000000006,-1.1300000000000006,4.724,3.224,0.4,-0.8300000000000005,-0.8300000000000005,7.769000000000002,9.169000000000002,0.4,-0.6800000000000004,-0.6800000000000004
-1.280000000000002,0.21999999999999836,0.4,-1.1400000000000006,-1.1400000000000006,4.640000000000001,3.14,0.4,-0.8400000000000005,-0.8400000000000005,7.700000000000002,9.100000000000001,0.4,-0.6900000000000004,-0.6900000000000004
-1.395000000000002,0.1049999999999983,0.4,-1.1500000000000006,-1.1500000000000006,4.555000000000001,3.055,0.4,-0.8500000000000005,-0.8500000000000005,7.630000000000002,9.030000000000001,0.4,-0.7000000000000004,-0.7000000000000004
-1.5110000000000021,-0.011000000000001758,0.4,-1.1600000000000006,-1.1600000000000006,4.469,2.9690000000000003,0.4,-0.8600000000000005,-0.8600000000000005,7.559000000000002,8.959000000000001,0.4,-0.7100000000000004,-0.7100000000000004
-1.6280000000000021,-0.12800000000000183,0.4,-1.1700000000000006,-1.1700000000000006,4.382000000000001,2.882,0.4,-0.8700000000000006,-0.8700000000000006,7.487000000000002,8.887000000000002,0.4,-0.7200000000000004,-0.7200000000000004
-1.7460000000000022,-0.24600000000000188,0.4,-1.1800000000000006,-1.1800000000000006,4.2940000000000005,2.794,0.4,-0.8800000000000006,-0.8800000000000006,7.4140000000000015,8.814000000000002,0.4,-0.7300000000000004,-0.7300000000000004
-1.8650000000000022,-0.36500000000000193,0.4,-1.1900000000000006,-1.1900000000000006,4.205,2.705,0.4,-0.8900000000000006,-0.8900000000000006,7.340000000000002,8.740000000000002,0.4,-0.7400000000000004,-0.7400000000000004
-1.985000000000002,-0.48500000000000193,0.4,-1.2,-1.2,4.115,2.615,0.4,-0.9000000000000006,-0.9000000000000006,7.2650000000000015,8.665000000000003,0.4,-0.7500000000000004,-0.7500000000000004
-2.105000000000002,-0.605000000000002,0.4,-1.2,-1.2,4.024,2.524,0.4,-0.9100000000000006,-0.9100000000000006,7.189000000000002,8.589000000000002,0.4,-0.7600000000000005,-0.7600000000000005
-2.2250000000000023,-0.725000000000002,0.4,-1.2,-1.2,3.932,2.432,0.4,-0.9200000000000006,-0.9200000000000006,7.112000000000002,8.512000000000002,0.4,-0.7700000000000005,-0.7700000000000005
-2.3450000000000024,-0.845000000000002,0.4,-1.2,-1.2,3.839,2.339,0.4,-0.9300000000000006,-0.9300000000000006,7.034000000000002,8.434000000000003,0.4,-0.7800000000000005,-0.7800000000000005
-2.4650000000000025,-0.965000000000002,0.4,-1.2,-1.2,3.745,2.245,0.4,-0.9400000000000006,-0.9400000000000006,6.955000000000002,8.355000000000002,0.4,-0.7900000000000005,-0.7900000000000005
-2.5850000000000026,-1.085000000000002,0.4,-1.2,-1.2,3.65,2.15,0.4,-0.9500000000000006,-0.9500000000000006,6.875000000000002,8.275000000000002,0.4,-0.8000000000000005,-0.8000000000000005
-2.7050000000000027,-1.2050000000000018,0.4,-1.2,-1.2,3.554,2.054,0.4,-0.9600000000000006,-0.9600000000000006,6.794000000000001,8.194000000000003,0.4,-0.8100000000000005,-0.8100000000000005
-2.825000000000003,-1.325000000000002,0.4,-1.2,-1.2,3.457,1.9569999999999999,0.4,-0.9700000000000006,-0.9700000000000006,6.7120000000000015,8.112000000000002,0.4,-0.8200000000000005,-0.8200000000000005
-2.945000000000003,-1.445000000000002,0.4,-1.2,-1.2,3.359,1.8589999999999998,0.4,-0.9800000000000006,-0.9800000000000006,6.629000000000001,8.029000000000002,0.4,-0.8300000000000005,-0.8300000000000005
-3.065000000000003,-1.5650000000000022,0.4,-1.2,-1.2,3.26,1.7599999999999998,0.4,-0.9900000000000007,-0.9900000000000007,6.545000000000002,7.945000000000002,0.4,-0.8400000000000005,-0.8400000000000005
-3.185000000000003,-1.6850000000000023,0.4,-1.2,-1.2,3.1599999999999997,1.6599999999999997,0.4,-1.0000000000000007,-1.0000000000000007,6.460000000000002,7.860000000000002,0.4,-0.8500000000000005,-0.8500000000000005
-3.3050000000000033,-1.8050000000000024,0.4,-1.2,-1.2,3.0589999999999997,1.5589999999999997,0.4,-1.0100000000000007,-1.0100000000000007,6.374000000000001,7.774000000000002,0.4,-0.8600000000000005,-0.8600000000000005
-3.4250000000000034,-1.9250000000000025,0.4,-1.2,-1.2,2.957,1.4569999999999996,0.4,-1.0200000000000007,-1.0200000000000007,6.287000000000002,7.687000000000002,0.4,-0.8700000000000006,-0.8700000000000006
-3.5450000000000035,-2.0450000000000026,0.4,-1.2,-1.2,2.8539999999999996,1.3539999999999996,0.4,-1.0300000000000007,-1.0300000000000007,6.199000000000002,7.599000000000002,0.4,-0.8800000000000006,-0.8800000000000006
-3.6650000000000036,-2.1650000000000027,0.4,-1.2,-1.2,2.7499999999999996,1.2499999999999996,0.4,-1.0400000000000007,-1.0400000000000007,6.110000000000001,7.510000000000002,0.4,-0.8900000000000006,-0.8900000000000006
-3.7850000000000037,-2.285000000000003,0.4,-1.2,-1.2,2.6449999999999996,1.1449999999999996,0.4,-1.0500000000000007,-1.0500000000000007,6.020000000000001,7.420000000000002,0.4,-0.9000000000000006,-0.9000000000000006
-3.905000000000004,-2.405000000000003,0.4,-1.2,-1.2,2.5389999999999997,1.0389999999999995,0.4,-1.0600000000000007,-1.0600000000000007,5.929000000000001,7.3290000000000015,0.4,-0.9100000000000006,-0.9100000000000006
-4.025000000000004,-2.525000000000003,0.4,-1.2,-1.2,2.4319999999999995,0.9319999999999994,0.4,-1.0700000000000007,-1.0700000000000007,5.8370000000000015,7.237000000000002,0.4,-0.9200000000000006,-0.9200000000000006
-4.145000000000004,-2.645000000000003,0.4,-1.2,-1.2,2.3239999999999994,0.8239999999999993,0.4,-1.0800000000000007,-1.0800000000000007,5.7440000000000015,7.144000000000002,0.4,-0.9300000000000006,-0.9300000000000006
-4.265000000000004,-2.7650000000000032,0.4,-1.2,-1.2,2.2149999999999994,0.7149999999999992,0.4,-1.0900000000000007,-1.0900000000000007,5.650000000000001,7.050000000000002,0.4,-0.9400000000000006,-0.9400000000000006
-4.385000000000004,-2.8850000000000033,0.4,-1.2,-1.2,2.1049999999999995,0.6049999999999991,0.4,-1.1000000000000008,-1.1000000000000008,5.5550000000000015,6.955000000000002,0.4,-0.9500000000000006,-0.9500000000000006
-4.505000000000004,-3.0050000000000034,0.4,-1.2,-1.2,1.9939999999999996,0.493999999999999,0.4,-1.1100000000000008,-1.1100000000000008,5.459000000000001,6.859000000000002,0.4,-0.9600000000000006,-0.9600000000000006
-4.625000000000004,-3.1250000000000036,0.4,-1.2,-1.2,1.8819999999999995,0.3819999999999989,0.4,-1.1200000000000008,-1.1200000000000008,5.362000000000001,6.762000000000001,0.4,-0.9700000000000006,-0.9700000000000006
-4.7450000000000045,-3.2450000000000037,0.4,-1.2,-1.2,1.7689999999999995,0.2689999999999988,0.4,-1.1300000000000008,-1.1300000000000008,5.264000000000001,6.6640000000000015,0.4,-0.9800000000000006,-0.9800000000000006
-4.865000000000005,-3.3650000000000038,0.4,-1.2,-1.2,1.6549999999999994,0.1549999999999987,0.4,-1.1400000000000008,-1.1400000000000008,5.165000000000001,6.565000000000001,0.4,-0.9900000000000007,-0.9900000000000007
-4.985000000000005,-3.485000000000004,0.4,-1.2,-1.2,1.5399999999999994,0.039999999999998606,0.4,-1.1500000000000008,-1.1500000000000008,5.065000000000001,6.465000000000002,0.4,-1.0000000000000007,-1.0000000000000007
-5.105000000000005,-3.605000000000004,0.4,-1.2,-1.2,1.4239999999999993,-0.07600000000000148,0.4,-1.1600000000000008,-1.1600000000000008,4.964000000000001,6.364000000000002,0.4,-1.0100000000000007,-1.0100000000000007
-5.225000000000005,-3.725000000000004,0.4,-1.2,-1.2,1.3069999999999993,-0.19300000000000156,0.4,-1.1700000000000008,-1.1700000000000008,4.862000000000001,6.262000000000001,0.4,-1.0200000000000007,-1.0200000000000007
-5.345000000000005,-3.845000000000004,0.4,-1.2,-1.2,1.1889999999999992,-0.31100000000000166,0.4,-1.1800000000000008,-1.1800000000000008,4.759000000000001,6.159000000000002,0.4,-1.0300000000000007,-1.0300000000000007
-5.465000000000005,-3.9650000000000043,0.4,-1.2,-1.2,1.0699999999999992,-0.43000000000000177,0.4,-1.1900000000000008,-1.1900000000000008,4.655000000000001,6.0550000000000015,0.4,-1.0400000000000007,-1.0400000000000007
-5.585000000000005,-4.085000000000004,0.4,-1.2,-1.2,0.9499999999999992,-0.5500000000000018,0.4,-1.2,-1.2,4.550000000000001,5.950000000000001,0.4,-1.0500000000000007,-1.0500000000000007
-5.705000000000005,-4.2050000000000045,0.4,-1.2,-1.2,0.8299999999999992,-0.6700000000000018,0.4,-1.2,-1.2,4.444000000000001,5.844000000000001,0.4,-1.0600000000000007,-1.0600000000000007
-5.8250000000000055,-4.325000000000005,0.4,-1.2,-1.2,0.7099999999999992,-0.7900000000000018,0.4,-1.2,-1.2,4.337000000000001,5.737000000000001,0.4,-1.0700000000000007,-1.0700000000000007
-5.945000000000006,-4.445000000000005,0.4,-1.2,-1.2,0.5899999999999992,-0.9100000000000018,0.4,-1.2,-1.2,4.229000000000001,5.629000000000001,0.4,-1.0800000000000007,-1.0800000000000007
-6.065000000000006,-4.565000000000005,0.4,-1.2,-1.2,0.4699999999999992,-1.0300000000000018,0.4,-1.2,-1.2,4.120000000000001,5.520000000000001,0.4,-1.0900000000000007,-1.0900000000000007
-6.185000000000006,-4.685000000000005,0.4,-1.2,-1.2,0.3499999999999992,-1.1500000000000017,0.4,-1.2,-1.2,4.010000000000001,5.410000000000001,0.4,-1.1000000000000008,-1.1000000000000008
-6.305000000000006,-4.805000000000005,0.4,-1.2,-1.2,0.2299999999999992,-1.2700000000000018,0.4,-1.2,-1.2,3.8990000000000005,5.299000000000001,0.4,-1.1100000000000008,-1.1100000000000008
-6.425000000000006,-4.925000000000005,0.4,-1.2,-1.2,0.10999999999999921,-1.390000000000002,0.4,-1.2,-1.2,3.7870000000000004,5.187000000000001,0.4,-1.1200000000000008,-1.1200000000000008
-6.545000000000006,-5.045000000000005,0.4,-1.2,-1.2,-0.010000000000000786,-1.510000000000002,0.4,-1.2,-1.2,3.6740000000000004,5.074000000000001,0.4,-1.1300000000000008,-1.1300000000000008
-6.665000000000006,-5.165000000000005,0.4,-1.2,-1.2,-0.13000000000000078,-1.6300000000000021,0.4,-1.2,-1.2,3.5600000000000005,4.960000000000001,0.4,-1.1400000000000008,-1.1400000000000008
-6.785000000000006,-5.2850000000000055,0.4,-1.2,-1.2,-0.2500000000000008,-1.7500000000000022,0.4,-1.2,-1.2,3.4450000000000003,4.845000000000001,0.4,-1.1500000000000008,-1.1500000000000008
-6.9050000000000065,-5.405000000000006,0.4,-1.2,-1.2,-0.3700000000000008,-1.8700000000000023,0.4,-1.2,-1.2,3.329,4.729000000000001,0.4,-1.1600000000000008,-1.1600000000000008
-7.025000000000007,-5.525000000000006,0.4,-1.2,-1.2,-0.49000000000000077,-1.9900000000000024,0.4,-1.2,-1.2,3.212,4.612000000000001,0.4,-1.1700000000000008,-1.1700000000000008
-7.145000000000007,-5.645000000000006,0.4,-1.2,-1.2,-0.6100000000000008,-2.1100000000000025,0.4,-1.2,-1.2,3.0940000000000003,4.494000000000001,0.4,-1.1800000000000008,-1.1800000000000008
-7.265000000000007,-5.765000000000006,0.4,-1.2,-1.2,-0.7300000000000008,-2.2300000000000026,0.4,-1.2,-1.2,2.975,4.375000000000001,0.4,-1.1900000000000008,-1.1900000000000008
-7.385000000000007,-5.885000000000006,0.4,-1.2,-1.2,-0.8500000000000008,-2.3500000000000028,0.4,-1.2,-1.2,2.855,4.255000000000001,0.4,-1.2,-1.2
-7.505000000000007,-6.005000000000006,0.4,-1.2,-1.2,-0.9700000000000008,-2.470000000000003,0.4,-1.2,-1.2,2.735,4.135000000000001,0.4,-1.2,-1.2
-7.625000000000007,-6.125000000000006,0.4,-1.2,-1.2,-1.0900000000000007,-2.590000000000003,0.4,-1.2,-1.2,2.6149999999999998,4.015000000000001,0.4,-1.2,-1.2
-7.745000000000007,-6.245000000000006,0.4,-1.2,-1.2,-1.2100000000000009,-2.710000000000003,0.4,-1.2,-1.2,2.4949999999999997,3.8950000000000005,0.4,-1.2,-1.2
-7.865000000000007,-6.365000000000006,0.4,-1.2,-1.2,-1.330000000000001,-2.830000000000003,0.4,-1.2,-1.2,2.3749999999999996,3.7750000000000004,0.4,-1.2,-1.2
-7.985000000000007,-6.4850000000000065,0.4,-1.2,-1.2,-1.450000000000001,-2.9500000000000033,0.4,-1.2,-1.2,2.2549999999999994,3.6550000000000002,0.4,-1.2,-1.2
-8.105000000000008,-6.605000000000007,0.4,-1.2,-1.2,-1.5700000000000012,-3.0700000000000034,0.4,-1.2,-1.2,2.1349999999999993,3.535,0.4,-1.2,-1.2
-8.225000000000007,-6.725000000000007,0.4,-1.2,-1.2,-1.6900000000000013,-3.1900000000000035,0.4,-1.2,-1.2,2.0149999999999992,3.415,0.4,-1.2,-1.2
-8.345000000000006,-6.845000000000007,0.4,-1.2,-1.2,-1.8100000000000014,-3.3100000000000036,0.4,-1.2,-1.2,1.8949999999999991,3.295,0.4,-1.2,-1.2
-8.465000000000005,-6.965000000000007,0.4,-1.2,-1.2,-1.9300000000000015,-3.4300000000000037,0.4,-1.2,-1.2,1.774999999999999,3.175,0.4,-1.2,-1.2
-8.585000000000004,-7.085000000000007,0.4,-1.2,-1.2,-2.0500000000000016,-3.550000000000004,0.4,-1.2,-1.2,1.654999999999999,3.0549999999999997,0.4,-1.2,-1.2
-8.705000000000004,-7.205000000000007,0.4,-1.2,-1.2,-2.1700000000000017,-3.670000000000004,0.4,-1.2,-1.2,1.5349999999999988,2.9349999999999996,0.4,-1.2,-1.2
-8.825000000000003,-7.325000000000007,0.4,-1.2,-1.2,-2.290000000000002,-3.790000000000004,0.4,-1.2,-1.2,1.4149999999999987,2.8149999999999995,0.4,-1.2,-1.2
-8.945000000000002,-7.445000000000007,0.4,-1.2,-1.2,-2.410000000000002,-3.910000000000004,0.4,-1.2,-1.2,1.2949999999999986,2.6949999999999994,0.4,-1.2,-1.2
-9.065000000000001,-7.5650000000000075,0.4,-1.2,-1.2,-2.530000000000002,-4.030000000000004,0.4,-1.2,-1.2,1.1749999999999985,2.5749999999999993,0.4,-1.2,-1.2
-9.185,-7.685000000000008,0.4,-1.2,-1.2,-2.650000000000002,-4.150000000000004,0.4,-1.2,-1.2,1.0549999999999984,2.454999999999999,0.4,-1.2,-1.2
-9.305,-7.805000000000008,0.4,-1.2,-1.2,-2.7700000000000022,-4.270000000000004,0.4,-1.2,-1.2,0.9349999999999984,2.334999999999999,0.4,-1.2,-1.2
-9.424999999999999,-7.925000000000008,0.4,-1.2,-1.2,-2.8900000000000023,-4.390000000000004,0.4,-1.2,-1.2,0.8149999999999984,2.214999999999999,0.4,-1.2,-1.2
-9.544999999999998,-8.045000000000007,0.4,-1.2,-1.2,-3.0100000000000025,-4.510000000000004,0.4,-1.2,-1.2,0.6949999999999984,2.094999999999999,0.4,-1.2,-1.2
-9.664999999999997,-8.165000000000006,0.4,-1.2,-1.2,-3.1300000000000026,-4.630000000000004,0.4,-1.2,-1.2,0.5749999999999984,1.9749999999999988,0.4,-1.2,-1.2
-9.784999999999997,-8.285000000000005,0.4,-1.2,-1.2,-3.2500000000000027,-4.750000000000004,0.4,-1.2,-1.2,0.4549999999999984,1.8549999999999986,0.4,-1.2,-1.2
-9.904999999999996,-8.405000000000005,0.4,-1.2,-1.2,-3.3700000000000028,-4.8700000000000045,0.4,-1.2,-1.2,0.3349999999999984,1.7349999999999985,0.4,-1.2,-1.2
-10.024999999999995,-8.525000000000004,0.4,-1.2,-1.2,-3.490000000000003,-4.990000000000005,0.4,-1.2,-1.2,0.21499999999999841,1.6149999999999984,0.4,-1.2,-1.2
-10.144999999999994,-8.645000000000003,0.4,-1.2,-1.2,-3.610000000000003,-5.110000000000005,0.4,-1.2,-1.2,0.09499999999999842,1.4949999999999983,0.4,-1.2,-1.2
-10.264999999999993,-8.765000000000002,0.4,-1.2,-1.2,-3.730000000000003,-5.230000000000005,0.4,-1.2,-1.2,-0.025000000000001577,1.3749999999999982,0.4,-1.2,-1.2
-10.384999999999993,-8.885000000000002,0.4,-1.2,-1.2,-3.850000000000003,-5.350000000000005,0.4,-1.2,-1.2,-0.14500000000000157,1.2549999999999981,0.4,-1.2,-1.2
-10.504999999999992,-9.005,0.4,-1.2,-1.2,-3.9700000000000033,-5.470000000000005,0.4,-1.2,-1.2,-0.26500000000000157,1.134999999999998,0.4,-1.2,-1.2
-10.624999999999991,-9.125,0.4,-1.2,-1.2,-4.090000000000003,-5.590000000000005,0.4,-1.2,-1.2,-0.38500000000000156,1.014999999999998,0.4,-1.2,-1.2
-10.74499999999999,-9.245,0.4,-1.2,-1.2,-4.2100000000000035,-5.710000000000005,0.4,-1.2,-1.2,-0.5050000000000016,0.8949999999999979,0.4,-1.2,-1.2
-10.86499999999999,-9.364999999999998,0.4,-1.2,-1.2,-4.330000000000004,-5.830000000000005,0.4,-1.2,-1.2,-0.6250000000000016,0.7749999999999979,0.4,-1.2,-1.2
-10.984999999999989,-9.484999999999998,0.4,-1.2,-1.2,-4.450000000000004,-5.9500000000000055,0.4,-1.2,-1.2,-0.7450000000000015,0.6549999999999979,0.4,-1.2,-1.2
-11.104999999999988,-9.604999999999997,0.4,-1.2,-1.2,-4.570000000000004,-6.070000000000006,0.4,-1.2,-1.2,-0.8650000000000015,0.5349999999999979,0.4,-1.2,-1.2
-11.224999999999987,-9.724999999999996,0.4,-1.2,-1.2,-4.690000000000004,-6.190000000000006,0.4,-1.2,-1.2,-0.9850000000000015,0.4149999999999979,0.4,-1.2,-1.2
-11.344999999999986,-9.844999999999995,0.4,-1.2,-1.2,-4.810000000000004,-6.310000000000006,0.4,-1.2,-1.2,-1.1050000000000015,0.29499999999999793,0.4,-1.2,-1.2
-11.464999999999986,-9.964999999999995,0.4,-1.2,-1.2,-4.930000000000004,-6.430000000000006,0.4,-1.2,-1.2,-1.2250000000000014,0.17499999999999793,0.4,-1.2,-1.2
-11.584999999999985,-10.084999999999994,0.4,-1.2,-1.2,-5.050000000000004,-6.550000000000006,0.4,-1.2,-1.2,-1.3450000000000015,0.05499999999999794,0.4,-1.2,-1.2
-11.704999999999984,-10.204999999999993,0.4,-1.2,-1.2,-5.170000000000004,-6.670000000000006,0.4,-1.2,-1.2,-1.4650000000000016,-0.06500000000000206,0.4,-1.2,-1.2
-11.824999999999983,-10.324999999999992,0.4,-1.2,-1.2,-5.2900000000000045,-6.790000000000006,0.4,-1.2,-1.2,-1.5850000000000017,-0.18500000000000205,0.4,-1.2,-1.2
-11.944999999999983,-10.444999999999991,0.4,-1.2,-1.2,-5.410000000000005,-6.910000000000006,0.4,-1.2,-1.2,-1.7050000000000018,-0.30500000000000205,0.4,-1.2,-1.2
-12.064999999999982,-10.56499999999999,0.4,-1.2,-1.2,-5.530000000000005,-7.0300000000000065,0.4,-1.2,-1.2,-1.825000000000002,-0.42500000000000204,0.4,-1.2,-1.2
-12.184999999999981,-10.68499999999999,0.4,-1.2,-1.2,-5.650000000000005,-7.150000000000007,0.4,-1.2,-1.2,-1.945000000000002,-0.545000000000002,0.4,-1.2,-1.2
-12.30499999999998,-10.804999999999989,0.4,-1.2,-1.2,-5.770000000000005,-7.270000000000007,0.4,-1.2,-1.2,-2.065000000000002,-0.665000000000002,0.4,-1.2,-1.2
-12.42499999999998,-10.924999999999988,0.4,-1.2,-1.2,-5.890000000000005,-7.390000000000007,0.4,-1.2,-1.2,-2.1850000000000023,-0.785000000000002,0.4,-1.2,-1.2
-12.544999999999979,-11.044999999999987,0.4,-1.2,-1.2,-6.010000000000005,-7.510000000000007,0.4,-1.2,-1.2,-2.3050000000000024,-0.905000000000002,0.4,-1.2,-1.2
-12.664999999999978,-11.164999999999987,0.4,-1.2,-1.2,-6.130000000000005,-7.630000000000007,0.4,-1.2,-1.2,-2.4250000000000025,-1.0250000000000021,0.4,-1.2,-1.2
-12.784999999999977,-11.284999999999986,0.4,-1.2,-1.2,-6.250000000000005,-7.750000000000007,0.4,-1.2,-1.2,-2.5450000000000026,-1.1450000000000022,0.4,-1.2,-1.2
-12.904999999999976,-11.404999999999985,0.4,-1.2,-1.2,-6.370000000000005,-7.870000000000007,0.4,-1.2,-1.2,-2.6650000000000027,-1.2650000000000023,0.4,-1.2,-1.2
-13.024999999999975,-11.524999999999984,0.4,-1.2,-1.2,-6.4900000000000055,-7.990000000000007,0.4,-1.2,-1.2,-2.785000000000003,-1.3850000000000025,0.4,-1.2,-1.2
-13.144999999999975,-11.644999999999984,0.4,-1.2,-1.2,-6.610000000000006,-8.110000000000007,0.4,-1.2,-1.2,-2.905000000000003,-1.5050000000000026,0.4,-1.2,-1.2
-13.264999999999974,-11.764999999999983,0.4,-1.2,-1.2,-6.730000000000006,-8.230000000000006,0.4,-1.2,-1.2,-3.025000000000003,-1.6250000000000027,0.4,-1.2,-1.2
-13.384999999999973,-11.884999999999982,0.4,-1.2,-1.2,-6.850000000000006,-8.350000000000005,0.4,-1.2,-1.2,-3.145000000000003,-1.7450000000000028,0.4,-1.2,-1.2
-13.504999999999972,-12.004999999999981,0.4,-1.2,-1.2,-6.970000000000006,-8.470000000000004,0.4,-1.2,-1.2,-3.2650000000000032,-1.8650000000000029,0.4,-1.2,-1.2
-13.624999999999972,-12.12499999999998,0.4,-1.2,-1.2,-7.090000000000006,-8.590000000000003,0.4,-1.2,-1.2,-3.3850000000000033,-1.985000000000003,0.4,-1.2,-1.2
-13.74499999999997,-12.24499999999998,0.4,-1.2,-1.2,-7.210000000000006,-8.710000000000003,0.4,-1.2,-1.2,-3.5050000000000034,-2.105000000000003,0.4,-1.2,-1.2
-13.86499999999997,-12.364999999999979,0.4,-1.2,-1.2,-7.330000000000006,-8.830000000000002,0.4,-1.2,-1.2,-3.6250000000000036,-2.225000000000003,0.4,-1.2,-1.2
-13.98499999999997,-12.484999999999978,0.4,-1.2,-1.2,-7.450000000000006,-8.950000000000001,0.4,-1.2,-1.2,-3.7450000000000037,-2.3450000000000033,0.4,-1.2,-1.2
-14.104999999999968,-12.604999999999977,0.4,-1.2,-1.2,-7.5700000000000065,-9.07,0.4,-1.2,-1.2,-3.8650000000000038,-2.4650000000000034,0.4,-1.2,-1.2
-14.224999999999968,-12.724999999999977,0.4,-1.2,-1.2,-7.690000000000007,-9.19,0.4,-1.2,-1.2,-3.985000000000004,-2.5850000000000035,0.4,-1.2,-1.2
-14.344999999999967,-12.844999999999976,0.4,-1.2,-1.2,-7.810000000000007,-9.309999999999999,0.4,-1.2,-1.2,-4.105000000000004,-2.7050000000000036,0.4,-1.2,-1.2
-14.464999999999966,-12.964999999999975,0.4,-1.2,-1.2,-7.930000000000007,-9.429999999999998,0.4,-1.2,-1.2,-4.225000000000004,-2.8250000000000037,0.4,-1.2,-1.2
-14.584999999999965,-13.084999999999974,0.4,-1.2,-1.2,-8.050000000000006,-9.549999999999997,0.4,-1.2,-1.2,-4.345000000000004,-2.945000000000004,0.4,-1.2,-1.2
-14.704999999999965,-13.204999999999973,0.4,-1.2,-1.2,-8.170000000000005,-9.669999999999996,0.4,-1.2,-1.2,-4.465000000000004,-3.065000000000004,0.4,-1.2,-1.2
-14.824999999999964,-13.324999999999973,0.4,-1.2,-1.2,-8.290000000000004,-9.789999999999996,0.4,-1.2,-1.2,-4.585000000000004,-3.185000000000004,0.4,-1.2,-1.2
-14.944999999999963,-13.444999999999972,0.4,-1.2,-1.2,-8.410000000000004,-9.909999999999995,0.4,-1.2,-1.2,-4.7050000000000045,-3.305000000000004,0.4,-1.2,-1.2
-15.064999999999962,-13.564999999999971,0.4,-1.2,-1.2,-8.530000000000003,-10.029999999999994,0.4,-1.2,-1.2,-4.825000000000005,-3.4250000000000043,0.4,-1.2,-1.2
-15.184999999999961,-13.68499999999997,0.4,-1.2,-1.2,-8.650000000000002,-10.149999999999993,0.4,-1.2,-1.2,-4.945000000000005,-3.5450000000000044,0.4,-1.2,-1.2
-15.30499999999996,-13.80499999999997,0.4,-1.2,-1.2,-8.770000000000001,-10.269999999999992,0.4,-1.2,-1.2,-5.065000000000005,-3.6650000000000045,0.4,-1.2,-1.2
-15.42499999999996,-13.924999999999969,0.4,-1.2,-1.2,-8.89,-10.389999999999992,0.4,-1.2,-1.2,-5.185000000000005,-3.7850000000000046,0.4,-1.2,-1.2
-15.544999999999959,-14.044999999999968,0.4,-1.2,-1.2,-9.01,-10.509999999999991,0.4,-1.2,-1.2,-5.305000000000005,-3.9050000000000047,0.4,-1.2,-1.2
